# Indian Tractor Export - Bhootiya Rasta
mtllib IndianTractor_Materials.mtl

usemtl Material.001
v 0.286213 -0.217218 -0.171843
v 0.016707 -0.038799 -0.047203
v 0.017534 -0.027169 -0.063332
v 0.287039 -0.205588 -0.187972
v 0.287039 -0.205588 -0.187972
v 0.017534 -0.027169 -0.063332
v 0.061409 0.015859 -0.030056
v 0.330914 -0.162560 -0.154695
v 0.330914 -0.162560 -0.154695
v 0.061409 0.015859 -0.030056
v 0.060582 0.004228 -0.013927
v 0.330087 -0.174191 -0.138566
v 0.330087 -0.174191 -0.138566
v 0.060582 0.004228 -0.013927
v 0.016707 -0.038799 -0.047203
v 0.286213 -0.217218 -0.171843
v 0.287039 -0.205588 -0.187972
v 0.330914 -0.162560 -0.154695
v 0.330087 -0.174191 -0.138566
v 0.286213 -0.217218 -0.171843
v 0.061409 0.015859 -0.030056
v 0.017534 -0.027169 -0.063332
v 0.016707 -0.038799 -0.047203
v 0.060582 0.004228 -0.013927
v -0.008560 -0.341282 -0.262655
v -0.056066 -0.339027 -0.261079
v -0.056268 -0.335364 -0.269346
v -0.008559 -0.337629 -0.270929
v -0.008560 -0.341491 -0.253613
v -0.055488 -0.339264 -0.252057
v -0.056066 -0.339027 -0.261079
v -0.008560 -0.341282 -0.262655
v -0.008559 -0.338224 -0.245180
v -0.054622 -0.336038 -0.243652
v -0.008558 -0.331979 -0.238638
v -0.053599 -0.329841 -0.237144
v -0.008556 -0.323705 -0.234985
v -0.052577 -0.321616 -0.233525
v -0.008554 -0.314664 -0.234776
v -0.051709 -0.312615 -0.233345
v -0.008552 -0.306230 -0.238043
v -0.051129 -0.304209 -0.236631
v -0.008550 -0.299689 -0.244289
v -0.050924 -0.297677 -0.242883
v -0.008549 -0.296035 -0.252562
v -0.051126 -0.294014 -0.251150
v -0.008549 -0.295826 -0.261604
v -0.051705 -0.293778 -0.260172
v -0.008550 -0.299093 -0.270037
v -0.052571 -0.297004 -0.268577
v -0.008552 -0.305339 -0.276579
v -0.053593 -0.303201 -0.275085
v -0.008553 -0.313612 -0.280232
v -0.054616 -0.311426 -0.278704
v -0.008556 -0.322654 -0.280441
v -0.055484 -0.320426 -0.278884
v -0.008558 -0.331088 -0.277174
v -0.056064 -0.328832 -0.275598
v -0.102004 -0.332446 -0.256466
v -0.102406 -0.328754 -0.264712
v -0.100858 -0.332764 -0.247500
v -0.102004 -0.332446 -0.256466
v -0.099142 -0.329659 -0.239180
v -0.097117 -0.323606 -0.232773
v -0.095091 -0.315524 -0.229255
v -0.093374 -0.306645 -0.229159
v -0.092226 -0.298320 -0.232502
v -0.091822 -0.291817 -0.238775
v -0.092223 -0.288126 -0.247022
v -0.093369 -0.287808 -0.255987
v -0.095086 -0.290912 -0.264307
v -0.097111 -0.296966 -0.270714
v -0.099136 -0.305047 -0.274233
v -0.100854 -0.313926 -0.274328
v -0.102002 -0.322251 -0.270985
v -0.146038 -0.321788 -0.248989
v -0.146632 -0.318050 -0.257203
v -0.144345 -0.322238 -0.240116
v -0.146038 -0.321788 -0.248989
v -0.141811 -0.319332 -0.231936
v -0.138820 -0.313511 -0.225692
v -0.135829 -0.305663 -0.222337
v -0.133293 -0.296982 -0.222381
v -0.131598 -0.288789 -0.225817
v -0.131002 -0.282333 -0.232121
v -0.131596 -0.278595 -0.240336
v -0.133289 -0.278145 -0.249209
v -0.135824 -0.281051 -0.257389
v -0.138814 -0.286871 -0.263633
v -0.141805 -0.294720 -0.266988
v -0.144341 -0.303401 -0.266944
v -0.146036 -0.311593 -0.263508
v -0.187847 -0.307308 -0.238828
v -0.188622 -0.303507 -0.246998
v -0.185635 -0.307937 -0.230081
v -0.187847 -0.307308 -0.238828
v -0.182324 -0.305299 -0.222089
v -0.178419 -0.299795 -0.216068
v -0.174513 -0.292264 -0.212935
v -0.171201 -0.283851 -0.213167
v -0.168987 -0.275838 -0.216729
v -0.168209 -0.269444 -0.223078
v -0.168985 -0.265643 -0.231248
v -0.171196 -0.265014 -0.239995
v -0.174507 -0.267652 -0.247987
v -0.178413 -0.273155 -0.254008
v -0.182319 -0.280687 -0.257141
v -0.185631 -0.289100 -0.256909
v -0.187844 -0.297113 -0.253347
v -0.227118 -0.289258 -0.226161
v -0.228064 -0.285379 -0.234276
v -0.224421 -0.290110 -0.217570
v -0.227118 -0.289258 -0.226161
v -0.220385 -0.287806 -0.209812
v -0.215623 -0.282695 -0.204067
v -0.210860 -0.275557 -0.201210
v -0.206823 -0.267478 -0.201676
v -0.204124 -0.259687 -0.205394
v -0.203176 -0.253372 -0.211798
v -0.204122 -0.249493 -0.219913
v -0.206818 -0.248641 -0.228504
v -0.210855 -0.250945 -0.236262
v -0.215617 -0.256055 -0.242007
v -0.220379 -0.263194 -0.244864
v -0.224417 -0.271273 -0.244398
v -0.227115 -0.279063 -0.240680
v -0.263546 -0.267893 -0.211165
v -0.264649 -0.263921 -0.219215
v -0.260401 -0.269007 -0.202759
v -0.263546 -0.267893 -0.211165
v -0.255694 -0.267096 -0.195276
v -0.250142 -0.262449 -0.189856
v -0.244589 -0.255774 -0.187325
v -0.239880 -0.248088 -0.188067
v -0.236734 -0.240560 -0.191969
v -0.235628 -0.234337 -0.198438
v -0.236732 -0.230366 -0.206488
v -0.239876 -0.229251 -0.214894
v -0.244583 -0.231162 -0.222377
v -0.250136 -0.235809 -0.227797
v -0.255689 -0.242484 -0.230328
v -0.260397 -0.250170 -0.229586
v -0.263543 -0.257698 -0.225684
v -0.296829 -0.243461 -0.194015
v -0.298076 -0.239384 -0.201992
v -0.293277 -0.244875 -0.185819
v -0.296829 -0.243461 -0.194015
v -0.287959 -0.243412 -0.178651
v -0.281686 -0.239294 -0.173603
v -0.275412 -0.233148 -0.171443
v -0.270093 -0.225910 -0.172499
v -0.266538 -0.218682 -0.176612
v -0.265289 -0.212564 -0.183154
v -0.266536 -0.208487 -0.191131
v -0.270088 -0.207073 -0.199327
v -0.275406 -0.208536 -0.206495
v -0.281679 -0.212654 -0.211543
v -0.287953 -0.218800 -0.213703
v -0.293272 -0.226038 -0.212647
v -0.296827 -0.233266 -0.208534
v -0.326667 -0.216210 -0.174886
v -0.328042 -0.212016 -0.182780
v -0.322748 -0.217959 -0.166924
v -0.326667 -0.216210 -0.174886
v -0.316883 -0.216996 -0.160108
v -0.309964 -0.213468 -0.155473
v -0.303044 -0.207912 -0.153727
v -0.297178 -0.201174 -0.155135
v -0.293257 -0.194280 -0.159482
v -0.291880 -0.188279 -0.166107
v -0.293255 -0.184085 -0.174001
v -0.297173 -0.182337 -0.181963
v -0.303039 -0.183300 -0.188779
v -0.309958 -0.186828 -0.193414
v -0.316877 -0.192383 -0.195160
v -0.322744 -0.199121 -0.193752
v -0.326665 -0.206015 -0.189405
v -0.352756 -0.186387 -0.153950
v -0.354244 -0.182065 -0.161753
v -0.348517 -0.188502 -0.146246
v -0.352756 -0.186387 -0.153950
v -0.342172 -0.188088 -0.139814
v -0.334687 -0.185208 -0.135634
v -0.327201 -0.180299 -0.134343
v -0.320855 -0.174110 -0.136136
v -0.316613 -0.167583 -0.140740
v -0.315123 -0.161711 -0.147456
v -0.316611 -0.157388 -0.155259
v -0.320850 -0.155273 -0.162963
v -0.327195 -0.155687 -0.169395
v -0.334681 -0.158568 -0.173575
v -0.342166 -0.163476 -0.174866
v -0.348513 -0.169665 -0.173073
v -0.352754 -0.176193 -0.168469
v -0.374793 -0.154239 -0.131380
v -0.376376 -0.149777 -0.139086
v -0.370281 -0.156752 -0.123955
v -0.374793 -0.154239 -0.131380
v -0.363529 -0.156932 -0.117941
v -0.355564 -0.154752 -0.114253
v -0.347598 -0.150544 -0.113453
v -0.340844 -0.144950 -0.115664
v -0.336331 -0.138819 -0.120547
v -0.334746 -0.133087 -0.127360
v -0.336329 -0.128625 -0.135066
v -0.340840 -0.126112 -0.142491
v -0.347592 -0.125932 -0.148506
v -0.355558 -0.128112 -0.152193
v -0.363524 -0.132320 -0.152993
v -0.370277 -0.137914 -0.150783
v -0.374790 -0.144045 -0.145899
v -0.392467 -0.120016 -0.107353
v -0.394127 -0.115405 -0.114955
v -0.387737 -0.122953 -0.100226
v -0.392467 -0.120016 -0.107353
v -0.380657 -0.123768 -0.094658
v -0.372305 -0.122338 -0.091496
v -0.363952 -0.118880 -0.091222
v -0.356871 -0.113920 -0.093878
v -0.352139 -0.108214 -0.099060
v -0.350476 -0.102631 -0.105978
v -0.352137 -0.098019 -0.113579
v -0.356867 -0.095083 -0.120706
v -0.363947 -0.094268 -0.126275
v -0.372299 -0.095698 -0.129436
v -0.380651 -0.099156 -0.129710
v -0.387732 -0.104116 -0.127054
v -0.392464 -0.109822 -0.121872
v -0.405469 -0.083974 -0.082048
v -0.407186 -0.079206 -0.089539
v -0.400577 -0.087358 -0.075235
v -0.405469 -0.083974 -0.082048
v -0.393256 -0.088844 -0.070137
v -0.384619 -0.088203 -0.067530
v -0.375982 -0.085535 -0.067811
v -0.368660 -0.081245 -0.070938
v -0.363766 -0.075987 -0.076433
v -0.362047 -0.070561 -0.083461
v -0.363764 -0.065792 -0.090952
v -0.368655 -0.062408 -0.097765
v -0.375977 -0.060923 -0.102863
v -0.384613 -0.061563 -0.105470
v -0.393250 -0.064231 -0.105189
v -0.400573 -0.068521 -0.102063
v -0.405466 -0.073779 -0.096567
v -0.413489 -0.046375 -0.055649
v -0.415240 -0.041444 -0.063025
v -0.408498 -0.050224 -0.049162
v -0.413489 -0.046375 -0.055649
v -0.401029 -0.052405 -0.044553
v -0.392218 -0.052586 -0.042522
v -0.383406 -0.050738 -0.043379
v -0.375935 -0.047144 -0.046994
v -0.370943 -0.042351 -0.052816
v -0.369189 -0.037088 -0.059959
v -0.370940 -0.032156 -0.067335
v -0.375931 -0.028307 -0.073822
v -0.383400 -0.026126 -0.078431
v -0.392211 -0.025946 -0.080462
v -0.401023 -0.027793 -0.079605
v -0.408494 -0.031387 -0.075990
v -0.413487 -0.036180 -0.070168
v -0.416222 -0.007495 -0.028349
v -0.417985 -0.002397 -0.035609
v -0.411198 -0.011817 -0.022195
v -0.416222 -0.007495 -0.028349
v -0.403679 -0.014706 -0.018083
v -0.394809 -0.015722 -0.016639
v -0.385938 -0.014710 -0.018083
v -0.378418 -0.011825 -0.022195
v -0.373392 -0.007505 -0.028349
v -0.371627 -0.002408 -0.035609
v -0.373390 0.002690 -0.042868
v -0.378414 0.007013 -0.049023
v -0.385933 0.009902 -0.053135
v -0.394803 0.010918 -0.054579
v -0.403674 0.009906 -0.053135
v -0.411194 0.007020 -0.049023
v -0.416220 0.002700 -0.042868
v -0.413471 0.031384 -0.001050
v -0.415222 0.036648 -0.008192
v -0.408481 0.026588 0.004772
v -0.413471 0.031384 -0.001050
v -0.401012 0.022991 0.008387
v -0.392201 0.021140 0.009245
v -0.383389 0.021316 0.007214
v -0.375919 0.023493 0.002604
v -0.370927 0.027340 -0.003882
v -0.369173 0.032271 -0.011258
v -0.370924 0.037535 -0.018401
v -0.375914 0.042331 -0.024223
v -0.383384 0.045928 -0.027838
v -0.392194 0.047780 -0.028695
v -0.401006 0.047603 -0.026665
v -0.408476 0.045426 -0.022055
v -0.413469 0.041579 -0.015569
v -0.405434 0.068980 0.025350
v -0.407150 0.074407 0.018321
v -0.400543 0.063719 0.030845
v -0.405434 0.068980 0.025350
v -0.393222 0.059426 0.033972
v -0.384586 0.056754 0.034253
v -0.375950 0.056110 0.031646
v -0.368628 0.057591 0.026548
v -0.363735 0.060973 0.019735
v -0.362016 0.065741 0.012244
v -0.363733 0.071168 0.005216
v -0.368624 0.076429 -0.000280
v -0.375944 0.080722 -0.003406
v -0.384580 0.083394 -0.003687
v -0.393216 0.084038 -0.001081
v -0.400538 0.082556 0.004018
v -0.405431 0.079174 0.010831
v -0.392415 0.105016 0.050655
v -0.394075 0.110600 0.043737
v -0.387686 0.099308 0.055836
v -0.392415 0.105016 0.050655
v -0.380607 0.094345 0.058492
v -0.372256 0.090883 0.058219
v -0.363904 0.089449 0.055057
v -0.356824 0.090261 0.049489
v -0.352093 0.093195 0.042361
v -0.350430 0.097805 0.034760
v -0.352090 0.103390 0.027842
v -0.356820 0.109098 0.022661
v -0.363899 0.114061 0.020005
v -0.372250 0.117523 0.020279
v -0.380601 0.118957 0.023440
v -0.387681 0.118145 0.029009
v -0.392413 0.115211 0.036136
v -0.374725 0.139231 0.074682
v -0.376308 0.144964 0.067869
v -0.370215 0.133098 0.079565
v -0.374725 0.139231 0.074682
v -0.363464 0.127500 0.081775
v -0.355500 0.123289 0.080976
v -0.347536 0.121106 0.077288
v -0.340783 0.121283 0.071274
v -0.336271 0.123793 0.063849
v -0.334686 0.128254 0.056143
v -0.336269 0.133988 0.049329
v -0.340779 0.140120 0.044446
v -0.347530 0.145718 0.042236
v -0.355494 0.149929 0.043036
v -0.363458 0.152112 0.046723
v -0.370211 0.151936 0.052738
v -0.374723 0.149425 0.060163
v -0.352674 0.171368 0.097251
v -0.354162 0.177241 0.090536
v -0.348436 0.164839 0.101856
v -0.352674 0.171368 0.097251
v -0.342093 0.158647 0.103649
v -0.334609 0.153735 0.102357
v -0.327125 0.150851 0.098177
v -0.320780 0.150434 0.091746
v -0.316540 0.152548 0.084042
v -0.315050 0.156870 0.076238
v -0.316538 0.162742 0.069523
v -0.320776 0.169272 0.064918
v -0.327120 0.175464 0.063125
v -0.334603 0.180375 0.064417
v -0.342087 0.183259 0.068597
v -0.348432 0.183676 0.075028
v -0.352672 0.181563 0.082732
v -0.326571 0.201179 0.118187
v -0.327946 0.207181 0.111562
v -0.322654 0.194283 0.122535
v -0.326571 0.201179 0.118187
v -0.316790 0.187543 0.123942
v -0.309873 0.181984 0.122196
v -0.302956 0.178453 0.117562
v -0.297091 0.177487 0.110745
v -0.293172 0.179234 0.102784
v -0.291795 0.183427 0.094890
v -0.293169 0.189429 0.088265
v -0.297087 0.196324 0.083917
v -0.302950 0.203065 0.082510
v -0.309867 0.208624 0.084256
v -0.316785 0.212155 0.088890
v -0.322650 0.213121 0.095707
v -0.326569 0.211374 0.103668
v -0.296721 0.228416 0.137317
v -0.297967 0.234535 0.130774
v -0.293170 0.221186 0.141429
v -0.296721 0.228416 0.137317
v -0.287854 0.213946 0.142486
v -0.281583 0.207797 0.140326
v -0.275312 0.203676 0.135277
v -0.269995 0.202211 0.128109
v -0.266441 0.203624 0.119913
v -0.265193 0.207700 0.111937
v -0.266439 0.213818 0.105394
v -0.269990 0.221048 0.101282
v -0.275306 0.228289 0.100225
v -0.281577 0.234437 0.102386
v -0.287848 0.238558 0.107434
v -0.293165 0.240024 0.114602
v -0.296719 0.238611 0.122798
v -0.263426 0.252833 0.154467
v -0.264529 0.259057 0.147998
v -0.260283 0.245304 0.158369
v -0.263426 0.252833 0.154467
v -0.255579 0.237615 0.159111
v -0.250029 0.230938 0.156579
v -0.244478 0.226289 0.151160
v -0.239772 0.224375 0.143677
v -0.236627 0.225488 0.135271
v -0.235522 0.229459 0.127220
v -0.236625 0.235683 0.120752
v -0.239768 0.243212 0.116849
v -0.244472 0.250901 0.116107
v -0.250023 0.257578 0.118639
v -0.255573 0.262227 0.124059
v -0.260279 0.264141 0.131541
v -0.263424 0.263028 0.139948
v -0.226989 0.274182 0.169463
v -0.227934 0.280498 0.163059
v -0.224294 0.266390 0.173181
v -0.226989 0.274182 0.169463
v -0.220260 0.258309 0.173647
v -0.215500 0.251169 0.170790
v -0.210741 0.246056 0.165045
v -0.206705 0.243750 0.157286
v -0.204009 0.244601 0.148696
v -0.203061 0.248479 0.140581
v -0.204006 0.254795 0.134177
v -0.206701 0.262587 0.130459
v -0.210735 0.270668 0.129993
v -0.215494 0.277809 0.132850
v -0.220254 0.282921 0.138595
v -0.224289 0.285227 0.146353
v -0.226986 0.284377 0.154944
v -0.187709 0.292213 0.182130
v -0.188484 0.298607 0.175781
v -0.185499 0.284199 0.185692
v -0.187709 0.292213 0.182130
v -0.182191 0.275785 0.185924
v -0.178289 0.268251 0.182791
v -0.174385 0.262746 0.176770
v -0.171076 0.260107 0.168777
v -0.168864 0.260735 0.160030
v -0.168087 0.264536 0.151860
v -0.168862 0.270930 0.145511
v -0.171072 0.278944 0.141950
v -0.174380 0.287358 0.141718
v -0.178283 0.294891 0.144851
v -0.182186 0.300397 0.150872
v -0.185495 0.303036 0.158864
v -0.187707 0.302408 0.167611
v -0.145894 0.306675 0.192291
v -0.146487 0.313132 0.185986
v -0.144203 0.298481 0.195727
v -0.145894 0.306675 0.192291
v -0.141671 0.289799 0.195770
v -0.138684 0.281949 0.192415
v -0.135696 0.276128 0.186172
v -0.133163 0.273220 0.177991
v -0.131469 0.273669 0.169118
v -0.130874 0.277407 0.160904
v -0.131467 0.283864 0.154599
v -0.133158 0.292057 0.151163
v -0.135690 0.300740 0.151120
v -0.138678 0.308589 0.154475
v -0.141665 0.314411 0.160718
v -0.144199 0.317319 0.168899
v -0.145892 0.316869 0.177772
v -0.101856 0.317312 0.199767
v -0.102257 0.323816 0.193495
v -0.100711 0.308987 0.203110
v -0.101856 0.317312 0.199767
v -0.098998 0.300107 0.203015
v -0.096976 0.292024 0.199496
v -0.094954 0.285970 0.193089
v -0.093239 0.282865 0.184770
v -0.092092 0.283182 0.175804
v -0.091689 0.286873 0.167557
v -0.092090 0.293377 0.161285
v -0.093234 0.301702 0.157942
v -0.094948 0.310582 0.158037
v -0.096970 0.318664 0.161556
v -0.098992 0.324719 0.167963
v -0.100707 0.327824 0.176283
v -0.101853 0.327507 0.185248
v -0.055914 0.323872 0.204381
v -0.056116 0.330404 0.198129
v -0.055338 0.315466 0.207667
v -0.055914 0.323872 0.204381
v -0.054474 0.306465 0.207487
v -0.053455 0.298240 0.203867
v -0.052436 0.292042 0.197360
v -0.051571 0.288816 0.188955
v -0.050993 0.289052 0.179932
v -0.050789 0.292715 0.171666
v -0.050991 0.299247 0.165413
v -0.051567 0.307653 0.162127
v -0.052430 0.316654 0.162308
v -0.053449 0.324880 0.165927
v -0.054469 0.331077 0.172435
v -0.055334 0.334303 0.180839
v -0.055912 0.334067 0.189862
v -0.008407 0.326106 0.205957
v -0.008405 0.332647 0.199711
v -0.008409 0.317672 0.209224
v -0.008407 0.326106 0.205957
v -0.008411 0.308630 0.209015
v -0.008413 0.300357 0.205361
v -0.008414 0.294111 0.198820
v -0.008415 0.290844 0.190386
v -0.008415 0.291054 0.181345
v -0.008414 0.294707 0.173071
v -0.008413 0.301248 0.166826
v -0.008411 0.309682 0.163559
v -0.008409 0.318724 0.163768
v -0.008407 0.326997 0.167421
v -0.008405 0.333243 0.173962
v -0.008404 0.336510 0.182396
v -0.008405 0.336300 0.191438
v 0.039099 0.323851 0.204381
v 0.039304 0.330382 0.198129
v 0.038519 0.315445 0.207667
v 0.039099 0.323851 0.204381
v 0.037652 0.306444 0.207487
v 0.036629 0.298219 0.203867
v 0.035607 0.292022 0.197360
v 0.034740 0.288796 0.188955
v 0.034162 0.289032 0.179932
v 0.033960 0.292695 0.171666
v 0.034164 0.299227 0.165413
v 0.034745 0.307633 0.162127
v 0.035612 0.316634 0.162308
v 0.036635 0.324859 0.165927
v 0.037657 0.331056 0.172435
v 0.038524 0.334282 0.180839
v 0.039102 0.334045 0.189862
v 0.085038 0.317269 0.199767
v 0.085442 0.323772 0.193495
v 0.083890 0.308944 0.203110
v 0.085038 0.317269 0.199767
v 0.082172 0.300065 0.203015
v 0.080146 0.291984 0.199496
v 0.078121 0.285930 0.193089
v 0.076405 0.282826 0.184770
v 0.075259 0.283144 0.175804
v 0.074857 0.286835 0.167557
v 0.075261 0.293338 0.161285
v 0.076409 0.301663 0.157942
v 0.078127 0.310542 0.158037
v 0.080153 0.318624 0.161556
v 0.082178 0.324677 0.167963
v 0.083894 0.327782 0.176283
v 0.085040 0.327464 0.185248
v 0.129072 0.306612 0.192291
v 0.129668 0.313068 0.185986
v 0.127376 0.298419 0.195727
v 0.129072 0.306612 0.192291
v 0.124840 0.289738 0.195770
v 0.121850 0.281889 0.192415
v 0.118859 0.276069 0.186172
v 0.116325 0.273163 0.177991
v 0.114631 0.273613 0.169118
v 0.114038 0.277351 0.160904
v 0.114634 0.283807 0.154599
v 0.116329 0.292000 0.151163
v 0.118865 0.300681 0.151120
v 0.121856 0.308529 0.154475
v 0.124846 0.314350 0.160718
v 0.127381 0.317256 0.168899
v 0.129074 0.316806 0.177772
v 0.170880 0.292131 0.182130
v 0.171658 0.298525 0.175781
v 0.168666 0.284118 0.185692
v 0.170880 0.292131 0.182130
v 0.165354 0.275705 0.185924
v 0.161448 0.268174 0.182791
v 0.157543 0.262670 0.176770
v 0.154232 0.260032 0.168777
v 0.152020 0.260661 0.160030
v 0.151245 0.264462 0.151860
v 0.152023 0.270856 0.145511
v 0.154236 0.278869 0.141950
v 0.157548 0.287282 0.141718
v 0.161454 0.294814 0.144851
v 0.165360 0.300317 0.150872
v 0.168671 0.302955 0.158864
v 0.170882 0.302326 0.167611
v 0.210151 0.274082 0.169463
v 0.211099 0.280397 0.163059
v 0.207452 0.266291 0.173181
v 0.210151 0.274082 0.169463
v 0.203415 0.258212 0.173647
v 0.198652 0.251074 0.170790
v 0.193890 0.245963 0.165045
v 0.189854 0.243659 0.157286
v 0.187157 0.244511 0.148696
v 0.186211 0.248390 0.140581
v 0.187160 0.254706 0.134177
v 0.189858 0.262496 0.130459
v 0.193896 0.270575 0.129993
v 0.198658 0.277714 0.132850
v 0.203420 0.282824 0.138595
v 0.207457 0.285128 0.146353
v 0.210153 0.284276 0.154944
v 0.246579 0.252716 0.154467
v 0.247685 0.258939 0.147998
v 0.243433 0.245188 0.158369
v 0.246579 0.252716 0.154467
v 0.238724 0.237502 0.159111
v 0.233171 0.230827 0.156579
v 0.227619 0.226180 0.151160
v 0.222912 0.224269 0.143677
v 0.219767 0.225384 0.135271
v 0.218664 0.229355 0.127220
v 0.219769 0.235578 0.120752
v 0.222916 0.243106 0.116849
v 0.227624 0.250793 0.116108
v 0.233177 0.257467 0.118639
v 0.238730 0.262114 0.124059
v 0.243437 0.264025 0.131541
v 0.246581 0.262911 0.139948
v 0.279862 0.228284 0.137317
v 0.281111 0.234402 0.130774
v 0.276308 0.221056 0.141430
v 0.279862 0.228284 0.137317
v 0.270989 0.213818 0.142486
v 0.264715 0.207672 0.140326
v 0.258442 0.203554 0.135277
v 0.253124 0.202091 0.128110
v 0.249571 0.203505 0.119913
v 0.248325 0.207582 0.111937
v 0.249574 0.213700 0.105394
v 0.253128 0.220928 0.101282
v 0.258447 0.228166 0.100225
v 0.264721 0.234312 0.102386
v 0.270994 0.238430 0.107434
v 0.276312 0.239893 0.114602
v 0.279865 0.238479 0.122798
v 0.309700 0.201033 0.118188
v 0.311078 0.207034 0.111563
v 0.305780 0.194139 0.122535
v 0.309700 0.201033 0.118188
v 0.299913 0.187402 0.123942
v 0.292993 0.181846 0.122196
v 0.286074 0.178318 0.117562
v 0.280209 0.177355 0.110745
v 0.276291 0.179103 0.102784
v 0.274915 0.183297 0.094890
v 0.276293 0.189298 0.088265
v 0.280213 0.196192 0.083917
v 0.286080 0.202930 0.082510
v 0.293000 0.208486 0.084256
v 0.299919 0.212014 0.088890
v 0.305784 0.212977 0.095707
v 0.309703 0.211228 0.103668
v 0.335790 0.171211 0.097251
v 0.337280 0.177083 0.090536
v 0.331549 0.164683 0.101856
v 0.335790 0.171211 0.097251
v 0.325202 0.158494 0.103649
v 0.317716 0.153586 0.102357
v 0.310231 0.150705 0.098178
v 0.303886 0.150291 0.091746
v 0.299647 0.152406 0.084042
v 0.298159 0.156729 0.076238
v 0.299649 0.162601 0.069523
v 0.303890 0.169128 0.064918
v 0.310237 0.175317 0.063125
v 0.317722 0.180226 0.064417
v 0.325208 0.183106 0.068597
v 0.331553 0.183521 0.075028
v 0.335792 0.181405 0.082732
v 0.357826 0.139063 0.074682
v 0.359411 0.144795 0.067869
v 0.353313 0.132932 0.079565
v 0.357826 0.139063 0.074682
v 0.346559 0.127338 0.081776
v 0.338593 0.123130 0.080976
v 0.330628 0.120950 0.077288
v 0.323876 0.121131 0.071274
v 0.319365 0.123643 0.063849
v 0.317781 0.128105 0.056143
v 0.319367 0.133837 0.049330
v 0.323880 0.139968 0.044446
v 0.330634 0.145563 0.042236
v 0.338599 0.149770 0.043036
v 0.346565 0.151950 0.046723
v 0.353317 0.151770 0.052738
v 0.357828 0.149257 0.060163
v 0.375500 0.104840 0.050655
v 0.377163 0.110423 0.043737
v 0.370768 0.099134 0.055836
v 0.375500 0.104840 0.050655
v 0.363687 0.094174 0.058492
v 0.355334 0.090716 0.058219
v 0.346982 0.089286 0.055057
v 0.339902 0.090101 0.049489
v 0.335172 0.093038 0.042361
v 0.333512 0.097649 0.034760
v 0.335175 0.103232 0.027842
v 0.339907 0.108938 0.022661
v 0.346988 0.113898 0.020005
v 0.355340 0.117356 0.020279
v 0.363692 0.118786 0.023440
v 0.370772 0.117971 0.029009
v 0.375502 0.115035 0.036136
v 0.388502 0.068798 0.025350
v 0.390221 0.074224 0.018322
v 0.383609 0.063539 0.030845
v 0.388502 0.068798 0.025350
v 0.376286 0.059250 0.033972
v 0.367649 0.056581 0.034253
v 0.359012 0.055941 0.031646
v 0.351691 0.057426 0.026548
v 0.346800 0.060811 0.019735
v 0.345083 0.065579 0.012244
v 0.346802 0.071005 0.005216
v 0.351695 0.076264 -0.000280
v 0.359018 0.080553 -0.003406
v 0.367655 0.083221 -0.003687
v 0.376292 0.083862 -0.001080
v 0.383613 0.082377 0.004018
v 0.388504 0.078992 0.010831
v 0.396522 0.031199 -0.001049
v 0.398276 0.036462 -0.008192
v 0.391530 0.026405 0.004773
v 0.396522 0.031199 -0.001049
v 0.384059 0.022811 0.008387
v 0.375247 0.020964 0.009245
v 0.366436 0.021144 0.007214
v 0.358966 0.023325 0.002605
v 0.353976 0.027174 -0.003882
v 0.352224 0.032106 -0.011258
v 0.353978 0.037369 -0.018401
v 0.358971 0.042162 -0.024223
v 0.366441 0.045756 -0.027838
v 0.375253 0.047604 -0.028695
v 0.384065 0.047423 -0.026665
v 0.391534 0.045242 -0.022055
v 0.396525 0.041393 -0.015568
v 0.399255 -0.007682 -0.028349
v 0.401021 -0.002585 -0.035609
v 0.394230 -0.012002 -0.022195
v 0.399255 -0.007682 -0.028349
v 0.386709 -0.014888 -0.018083
v 0.377839 -0.015899 -0.016639
v 0.368968 -0.014884 -0.018083
v 0.361449 -0.011994 -0.022195
v 0.356425 -0.007672 -0.028349
v 0.354662 -0.002574 -0.035609
v 0.356428 0.002523 -0.042868
v 0.361453 0.006843 -0.049022
v 0.368974 0.009729 -0.053135
v 0.377845 0.010741 -0.054579
v 0.386715 0.009725 -0.053135
v 0.394234 0.006835 -0.049022
v 0.399258 0.002513 -0.042868
v 0.396504 -0.046561 -0.055649
v 0.398258 -0.041630 -0.063025
v 0.391512 -0.050408 -0.049162
v 0.396504 -0.046561 -0.055649
v 0.384042 -0.052585 -0.044553
v 0.375230 -0.052761 -0.042522
v 0.366419 -0.050910 -0.043379
v 0.358950 -0.047313 -0.046994
v 0.353960 -0.042517 -0.052816
v 0.352208 -0.037253 -0.059959
v 0.353962 -0.032322 -0.067335
v 0.358954 -0.028475 -0.073822
v 0.366425 -0.026298 -0.078431
v 0.375236 -0.026121 -0.080462
v 0.384047 -0.027973 -0.079605
v 0.391516 -0.031570 -0.075990
v 0.396507 -0.036366 -0.070168
v 0.388467 -0.084156 -0.082048
v 0.390186 -0.079389 -0.089539
v 0.383574 -0.087538 -0.075235
v 0.388467 -0.084156 -0.082048
v 0.376252 -0.089020 -0.070137
v 0.367616 -0.088376 -0.067530
v 0.358980 -0.085704 -0.067811
v 0.351659 -0.081410 -0.070937
v 0.346768 -0.076150 -0.076433
v 0.345052 -0.070723 -0.083461
v 0.346771 -0.065955 -0.090952
v 0.351663 -0.062573 -0.097765
v 0.358985 -0.061091 -0.102863
v 0.367622 -0.061736 -0.105470
v 0.376258 -0.064408 -0.105189
v 0.383578 -0.068701 -0.102063
v 0.388469 -0.073961 -0.096567
v 0.375448 -0.120192 -0.107353
v 0.377111 -0.115582 -0.114954
v 0.370717 -0.123127 -0.100226
v 0.375448 -0.120192 -0.107353
v 0.363637 -0.123939 -0.094658
v 0.355285 -0.122505 -0.091496
v 0.346934 -0.119043 -0.091222
v 0.339855 -0.114080 -0.093878
v 0.335126 -0.108372 -0.099060
v 0.333466 -0.102787 -0.105978
v 0.335128 -0.098177 -0.113579
v 0.339860 -0.095242 -0.120706
v 0.346940 -0.094430 -0.126274
v 0.355291 -0.095865 -0.129436
v 0.363642 -0.099327 -0.129710
v 0.370721 -0.104290 -0.127054
v 0.375451 -0.109998 -0.121872
v 0.357758 -0.154407 -0.131380
v 0.359344 -0.149946 -0.139086
v 0.353246 -0.156917 -0.123955
v 0.357758 -0.154407 -0.131380
v 0.346494 -0.157094 -0.117941
v 0.338529 -0.154911 -0.114253
v 0.330566 -0.150700 -0.113453
v 0.323815 -0.145102 -0.115663
v 0.319304 -0.138970 -0.120547
v 0.317721 -0.133236 -0.127360
v 0.319307 -0.128775 -0.135066
v 0.323819 -0.126265 -0.142491
v 0.330571 -0.126088 -0.148505
v 0.338536 -0.128271 -0.152193
v 0.346500 -0.132482 -0.152993
v 0.353251 -0.138080 -0.150783
v 0.357761 -0.144213 -0.145899
v 0.335708 -0.186545 -0.153950
v 0.337198 -0.182223 -0.161753
v 0.331468 -0.188658 -0.146246
v 0.335708 -0.186545 -0.153950
v 0.325123 -0.188241 -0.139814
v 0.317639 -0.185357 -0.135634
v 0.310155 -0.180445 -0.134343
v 0.303811 -0.174254 -0.136136
v 0.299573 -0.167724 -0.140740
v 0.298086 -0.161852 -0.147456
v 0.299576 -0.157530 -0.155259
v 0.303816 -0.155416 -0.162963
v 0.310161 -0.155833 -0.169395
v 0.317645 -0.158717 -0.173575
v 0.325128 -0.163629 -0.174866
v 0.331472 -0.169821 -0.173073
v 0.335710 -0.176350 -0.168469
v 0.309605 -0.216356 -0.174886
v 0.310982 -0.212163 -0.182780
v 0.305685 -0.218103 -0.166924
v 0.309605 -0.216356 -0.174886
v 0.299820 -0.217137 -0.160108
v 0.292903 -0.213606 -0.155473
v 0.285986 -0.208047 -0.153727
v 0.280122 -0.201306 -0.155135
v 0.276205 -0.194410 -0.159482
v 0.274830 -0.188409 -0.166107
v 0.276207 -0.184216 -0.174001
v 0.280127 -0.182469 -0.181962
v 0.285991 -0.183435 -0.188779
v 0.292909 -0.186966 -0.193413
v 0.299826 -0.192525 -0.195160
v 0.305690 -0.199265 -0.193752
v 0.309607 -0.206161 -0.189405
v 0.279754 -0.243593 -0.194015
v 0.281003 -0.239517 -0.201992
v 0.276201 -0.245005 -0.185819
v 0.279754 -0.243593 -0.194015
v 0.270884 -0.243540 -0.178651
v 0.264613 -0.239419 -0.173603
v 0.258342 -0.233270 -0.171443
v 0.253026 -0.226030 -0.172499
v 0.249475 -0.218800 -0.176612
v 0.248228 -0.212681 -0.183154
v 0.249477 -0.208606 -0.191131
v 0.253030 -0.207193 -0.199327
v 0.258347 -0.208658 -0.206495
v 0.264619 -0.212779 -0.211543
v 0.270890 -0.218928 -0.213703
v 0.276205 -0.226168 -0.212647
v 0.279757 -0.233398 -0.208534
v 0.246460 -0.268009 -0.211165
v 0.247565 -0.264039 -0.219215
v 0.243315 -0.269123 -0.202759
v 0.246460 -0.268009 -0.211165
v 0.238609 -0.267209 -0.195276
v 0.233058 -0.262560 -0.189856
v 0.227508 -0.255883 -0.187325
v 0.222803 -0.248194 -0.188067
v 0.219660 -0.240665 -0.191969
v 0.218558 -0.234441 -0.198438
v 0.219663 -0.230470 -0.206488
v 0.222808 -0.229357 -0.214894
v 0.227514 -0.231271 -0.222377
v 0.233064 -0.235920 -0.227797
v 0.238614 -0.242597 -0.230328
v 0.243319 -0.250285 -0.229586
v 0.246462 -0.257815 -0.225684
v 0.210022 -0.289358 -0.226161
v 0.210970 -0.285480 -0.234276
v 0.207325 -0.290209 -0.217570
v 0.210022 -0.289358 -0.226161
v 0.203290 -0.287903 -0.209812
v 0.198530 -0.282790 -0.204067
v 0.193771 -0.275650 -0.201210
v 0.189737 -0.267569 -0.201676
v 0.187042 -0.259777 -0.205394
v 0.186096 -0.253461 -0.211798
v 0.187044 -0.249582 -0.219913
v 0.189741 -0.248731 -0.228504
v 0.193776 -0.251038 -0.236262
v 0.198536 -0.256150 -0.242007
v 0.203295 -0.263291 -0.244864
v 0.207329 -0.271372 -0.244398
v 0.210024 -0.279164 -0.240680
v 0.170743 -0.307390 -0.238828
v 0.171520 -0.303589 -0.246998
v 0.168531 -0.308018 -0.230081
v 0.170743 -0.307390 -0.238828
v 0.165221 -0.305379 -0.222089
v 0.161318 -0.299873 -0.216068
v 0.157415 -0.292340 -0.212935
v 0.154107 -0.283926 -0.213167
v 0.151897 -0.275912 -0.216729
v 0.151122 -0.269517 -0.223078
v 0.151900 -0.265717 -0.231248
v 0.154112 -0.265088 -0.239995
v 0.157421 -0.267728 -0.247987
v 0.161324 -0.273233 -0.254008
v 0.165227 -0.280767 -0.257141
v 0.168535 -0.289181 -0.256909
v 0.170745 -0.297195 -0.253347
v 0.128928 -0.321851 -0.248989
v 0.129523 -0.318114 -0.257203
v 0.127234 -0.322300 -0.240116
v 0.128928 -0.321851 -0.248989
v 0.124701 -0.319393 -0.231936
v 0.121713 -0.313571 -0.225692
v 0.118726 -0.305722 -0.222337
v 0.116194 -0.297039 -0.222381
v 0.114503 -0.288846 -0.225817
v 0.113910 -0.282389 -0.232121
v 0.114505 -0.278651 -0.240336
v 0.116198 -0.278202 -0.249208
v 0.118732 -0.281109 -0.257389
v 0.121719 -0.286931 -0.263633
v 0.124707 -0.294781 -0.266988
v 0.127239 -0.303463 -0.266944
v 0.128930 -0.311657 -0.263508
v 0.084889 -0.332489 -0.256466
v 0.085292 -0.328797 -0.264712
v 0.083742 -0.332806 -0.247500
v 0.084889 -0.332489 -0.256466
v 0.082028 -0.329701 -0.239180
v 0.080005 -0.323646 -0.232773
v 0.077984 -0.315564 -0.229255
v 0.076270 -0.306684 -0.229159
v 0.075126 -0.298359 -0.232502
v 0.074725 -0.291855 -0.238775
v 0.075128 -0.288164 -0.247022
v 0.076274 -0.287847 -0.255987
v 0.077989 -0.290952 -0.264307
v 0.080011 -0.297006 -0.270714
v 0.082033 -0.305089 -0.274233
v 0.083747 -0.313969 -0.274328
v 0.084891 -0.322294 -0.270985
v 0.038947 -0.339049 -0.261079
v 0.039151 -0.335386 -0.269346
v 0.038369 -0.339285 -0.252057
v 0.038947 -0.339049 -0.261079
v 0.037504 -0.336059 -0.243652
v 0.036485 -0.329861 -0.237144
v 0.035466 -0.321636 -0.233525
v 0.034602 -0.312635 -0.233345
v 0.034026 -0.304229 -0.236631
v 0.033825 -0.297697 -0.242883
v 0.034028 -0.294034 -0.251150
v 0.034607 -0.293798 -0.260172
v 0.035472 -0.297024 -0.268577
v 0.036491 -0.303221 -0.275085
v 0.037510 -0.311447 -0.278704
v 0.038373 -0.320448 -0.278884
v 0.038950 -0.328854 -0.275598
v -0.008560 -0.341282 -0.262655
v -0.008559 -0.337629 -0.270929
v -0.008560 -0.341491 -0.253613
v -0.008560 -0.341282 -0.262655
v -0.008559 -0.338224 -0.245180
v -0.008558 -0.331979 -0.238638
v -0.008556 -0.323705 -0.234985
v -0.008554 -0.314664 -0.234776
v -0.008552 -0.306230 -0.238043
v -0.008550 -0.299689 -0.244289
v -0.008549 -0.296035 -0.252562
v -0.008549 -0.295826 -0.261604
v -0.008550 -0.299093 -0.270037
v -0.008552 -0.305339 -0.276579
v -0.008553 -0.313612 -0.280232
v -0.008556 -0.322654 -0.280441
v -0.008558 -0.331088 -0.277174
v -0.043393 0.018201 0.010057
v -0.043326 0.309175 0.198035
v -0.043323 0.319589 0.181075
v -0.043390 0.028615 -0.006903
v -0.043390 0.028615 -0.006903
v -0.043323 0.319589 0.181075
v 0.026560 0.319573 0.181075
v 0.026493 0.028599 -0.006903
v 0.026493 0.028599 -0.006903
v 0.026560 0.319573 0.181075
v 0.026558 0.309159 0.198035
v 0.026491 0.018185 0.010057
v 0.026491 0.018185 0.010057
v 0.026558 0.309159 0.198035
v -0.043326 0.309175 0.198035
v -0.043393 0.018201 0.010057
v -0.043390 0.028615 -0.006903
v 0.026493 0.028599 -0.006903
v 0.026491 0.018185 0.010057
v -0.043393 0.018201 0.010057
v 0.026560 0.319573 0.181075
v -0.043323 0.319589 0.181075
v -0.043326 0.309175 0.198035
v 0.026558 0.309159 0.198035
v -0.324318 -0.192911 -0.148935
v -0.072404 0.002795 -0.013880
v -0.073676 0.014631 -0.029830
v -0.325590 -0.181075 -0.164885
v -0.325590 -0.181075 -0.164885
v -0.073676 0.014631 -0.029830
v -0.025821 -0.024365 -0.062584
v -0.277735 -0.220072 -0.197639
v -0.277735 -0.220072 -0.197639
v -0.025821 -0.024365 -0.062584
v -0.024549 -0.036201 -0.046634
v -0.276463 -0.231908 -0.181689
v -0.276463 -0.231908 -0.181689
v -0.024549 -0.036201 -0.046634
v -0.072404 0.002795 -0.013880
v -0.324318 -0.192911 -0.148935
v -0.325590 -0.181075 -0.164885
v -0.277735 -0.220072 -0.197639
v -0.276463 -0.231908 -0.181689
v -0.324318 -0.192911 -0.148935
v -0.025821 -0.024365 -0.062584
v -0.073676 0.014631 -0.029830
v -0.072404 0.002795 -0.013880
v -0.024549 -0.036201 -0.046634
v -0.002800 -0.065885 -0.038591
v -0.002793 -0.033050 -0.085353
v 0.012276 -0.031839 -0.084500
v 0.012269 -0.064673 -0.037738
v 0.012269 -0.064673 -0.037738
v 0.012276 -0.031839 -0.084500
v 0.026767 -0.028245 -0.081974
v 0.026759 -0.061079 -0.035212
v 0.026759 -0.061079 -0.035212
v 0.026767 -0.028245 -0.081974
v 0.040122 -0.022407 -0.077873
v 0.040114 -0.055241 -0.031111
v 0.040114 -0.055241 -0.031111
v 0.040122 -0.022407 -0.077873
v 0.051828 -0.014548 -0.072353
v 0.051821 -0.047382 -0.025591
v 0.051821 -0.047382 -0.025591
v 0.051828 -0.014548 -0.072353
v 0.061436 -0.004971 -0.065627
v 0.061429 -0.037805 -0.018865
v 0.061429 -0.037805 -0.018865
v 0.061436 -0.004971 -0.065627
v 0.068577 0.005956 -0.057953
v 0.068569 -0.026878 -0.011191
v 0.068569 -0.026878 -0.011191
v 0.068577 0.005956 -0.057953
v 0.072975 0.017814 -0.049626
v 0.072967 -0.015021 -0.002864
v 0.072967 -0.015021 -0.002864
v 0.072975 0.017814 -0.049626
v 0.074462 0.030146 -0.040967
v 0.074454 -0.002689 0.005795
v 0.074454 -0.002689 0.005795
v 0.074462 0.030146 -0.040967
v 0.072981 0.042478 -0.032308
v 0.072973 0.009644 0.014454
v 0.072973 0.009644 0.014454
v 0.072981 0.042478 -0.032308
v 0.068588 0.054338 -0.023981
v 0.068580 0.021503 0.022781
v 0.068580 0.021503 0.022781
v 0.068588 0.054338 -0.023981
v 0.061453 0.065268 -0.016308
v 0.061445 0.032434 0.030454
v 0.061445 0.032434 0.030454
v 0.061453 0.065268 -0.016308
v 0.051849 0.074849 -0.009582
v 0.051841 0.042015 0.037180
v 0.051841 0.042015 0.037180
v 0.051849 0.074849 -0.009582
v 0.040146 0.082714 -0.004062
v 0.040139 0.049879 0.042700
v 0.040139 0.049879 0.042700
v 0.040146 0.082714 -0.004062
v 0.026794 0.088558 0.000040
v 0.026786 0.055724 0.046802
v 0.026786 0.055724 0.046802
v 0.026794 0.088558 0.000040
v 0.012305 0.092159 0.002566
v 0.012297 0.059324 0.049328
v 0.012297 0.059324 0.049328
v 0.012305 0.092159 0.002566
v -0.002764 0.093377 0.003419
v -0.002771 0.060542 0.050181
v -0.002771 0.060542 0.050181
v -0.002764 0.093377 0.003419
v -0.017833 0.092166 0.002566
v -0.017840 0.059331 0.049328
v -0.017840 0.059331 0.049328
v -0.017833 0.092166 0.002566
v -0.032324 0.088572 0.000040
v -0.032331 0.055737 0.046802
v -0.032331 0.055737 0.046802
v -0.032324 0.088572 0.000040
v -0.045679 0.082733 -0.004062
v -0.045686 0.049899 0.042700
v -0.045686 0.049899 0.042700
v -0.045679 0.082733 -0.004062
v -0.057385 0.074874 -0.009582
v -0.057393 0.042040 0.037180
v -0.057393 0.042040 0.037180
v -0.057385 0.074874 -0.009582
v -0.066993 0.065298 -0.016308
v -0.067001 0.032463 0.030454
v -0.067001 0.032463 0.030454
v -0.066993 0.065298 -0.016308
v -0.074133 0.054370 -0.023981
v -0.074141 0.021536 0.022781
v -0.074141 0.021536 0.022781
v -0.074133 0.054370 -0.023981
v -0.078532 0.042513 -0.032308
v -0.078539 0.009679 0.014454
v -0.078539 0.009679 0.014454
v -0.078532 0.042513 -0.032308
v -0.080019 0.030181 -0.040967
v -0.080026 -0.002653 0.005795
v -0.080026 -0.002653 0.005795
v -0.080019 0.030181 -0.040967
v -0.078537 0.017848 -0.049626
v -0.078545 -0.014986 -0.002864
v -0.078545 -0.014986 -0.002864
v -0.078537 0.017848 -0.049626
v -0.074145 0.005989 -0.057953
v -0.074152 -0.026845 -0.011191
v -0.074152 -0.026845 -0.011191
v -0.074145 0.005989 -0.057953
v -0.067009 -0.004942 -0.065627
v -0.067017 -0.037776 -0.018865
v -0.067017 -0.037776 -0.018865
v -0.067009 -0.004942 -0.065627
v -0.057406 -0.014523 -0.072353
v -0.057413 -0.047357 -0.025591
v -0.057413 -0.047357 -0.025591
v -0.057406 -0.014523 -0.072353
v -0.045703 -0.022387 -0.077873
v -0.045710 -0.055221 -0.031111
v -0.045710 -0.055221 -0.031111
v -0.045703 -0.022387 -0.077873
v -0.032350 -0.028232 -0.081974
v -0.032358 -0.061066 -0.035212
v -0.032358 -0.061066 -0.035212
v -0.032350 -0.028232 -0.081974
v -0.017861 -0.031832 -0.084500
v -0.017869 -0.064666 -0.037738
v -0.017869 -0.064666 -0.037738
v -0.017861 -0.031832 -0.084500
v -0.002793 -0.033050 -0.085353
v -0.002800 -0.065885 -0.038591
v -0.002793 -0.031848 -0.045351
v 0.007600 -0.031013 -0.044762
v 0.009469 -0.190048 0.155449
v -0.000924 -0.190884 0.154860
v 0.007600 -0.031013 -0.044762
v 0.017593 -0.028534 -0.043020
v 0.019462 -0.187570 0.157191
v 0.009469 -0.190048 0.155449
v 0.017593 -0.028534 -0.043020
v 0.026804 -0.024508 -0.040192
v 0.028673 -0.183543 0.160019
v 0.019462 -0.187570 0.157191
v 0.026804 -0.024508 -0.040192
v 0.034877 -0.019088 -0.036385
v 0.036746 -0.178123 0.163826
v 0.028673 -0.183543 0.160019
v 0.034877 -0.019088 -0.036385
v 0.041503 -0.012483 -0.031746
v 0.043372 -0.171519 0.168465
v 0.036746 -0.178123 0.163826
v 0.041503 -0.012483 -0.031746
v 0.046428 -0.004947 -0.026454
v 0.048297 -0.163983 0.173757
v 0.043372 -0.171519 0.168465
v 0.046428 -0.004947 -0.026454
v 0.049461 0.003230 -0.020712
v 0.051330 -0.155805 0.179499
v 0.048297 -0.163983 0.173757
v 0.049461 0.003230 -0.020712
v 0.050486 0.011735 -0.014740
v 0.052355 -0.147300 0.185471
v 0.051330 -0.155805 0.179499
v 0.050486 0.011735 -0.014740
v 0.049465 0.020240 -0.008768
v 0.051334 -0.138795 0.191443
v 0.052355 -0.147300 0.185471
v 0.049465 0.020240 -0.008768
v 0.046435 0.028419 -0.003025
v 0.048304 -0.130616 0.197186
v 0.051334 -0.138795 0.191443
v 0.046435 0.028419 -0.003025
v 0.041515 0.035958 0.002267
v 0.043383 -0.123078 0.202478
v 0.048304 -0.130616 0.197186
v 0.041515 0.035958 0.002267
v 0.034891 0.042565 0.006905
v 0.036760 -0.116470 0.207116
v 0.043383 -0.123078 0.202478
v 0.034891 0.042565 0.006905
v 0.026820 0.047989 0.010712
v 0.028689 -0.111047 0.210923
v 0.036760 -0.116470 0.207116
v 0.026820 0.047989 0.010712
v 0.017612 0.052020 0.013541
v 0.019481 -0.107016 0.213752
v 0.028689 -0.111047 0.210923
v 0.017612 0.052020 0.013541
v 0.007619 0.054503 0.015283
v 0.009488 -0.104533 0.215494
v 0.019481 -0.107016 0.213752
v 0.007619 0.054503 0.015283
v -0.002773 0.055343 0.015871
v -0.000904 -0.103693 0.216082
v 0.009488 -0.104533 0.215494
v -0.002773 0.055343 0.015871
v -0.013165 0.054508 0.015283
v -0.011296 -0.104528 0.215494
v -0.000904 -0.103693 0.216082
v -0.013165 0.054508 0.015283
v -0.023158 0.052029 0.013541
v -0.021290 -0.107007 0.213752
v -0.011296 -0.104528 0.215494
v -0.023158 0.052029 0.013541
v -0.032369 0.048002 0.010712
v -0.030500 -0.111033 0.210923
v -0.021290 -0.107007 0.213752
v -0.032369 0.048002 0.010712
v -0.040442 0.042583 0.006905
v -0.038574 -0.116453 0.207116
v -0.030500 -0.111033 0.210923
v -0.040442 0.042583 0.006905
v -0.047069 0.035978 0.002267
v -0.045200 -0.123058 0.202478
v -0.038574 -0.116453 0.207116
v -0.047069 0.035978 0.002267
v -0.051993 0.028442 -0.003025
v -0.050124 -0.130594 0.197186
v -0.045200 -0.123058 0.202478
v -0.051993 0.028442 -0.003025
v -0.055026 0.020264 -0.008768
v -0.053157 -0.138771 0.191443
v -0.050124 -0.130594 0.197186
v -0.055026 0.020264 -0.008768
v -0.056052 0.011760 -0.014740
v -0.054183 -0.147276 0.185471
v -0.053157 -0.138771 0.191443
v -0.056052 0.011760 -0.014740
v -0.055030 0.003254 -0.020712
v -0.053161 -0.155781 0.179499
v -0.054183 -0.147276 0.185471
v -0.055030 0.003254 -0.020712
v -0.052000 -0.004925 -0.026454
v -0.050132 -0.163960 0.173757
v -0.053161 -0.155781 0.179499
v -0.052000 -0.004925 -0.026454
v -0.047080 -0.012463 -0.031746
v -0.045211 -0.171498 0.168465
v -0.050132 -0.163960 0.173757
v -0.047080 -0.012463 -0.031746
v -0.040456 -0.019071 -0.036385
v -0.038588 -0.178106 0.163826
v -0.045211 -0.171498 0.168465
v -0.040456 -0.019071 -0.036385
v -0.032386 -0.024494 -0.040192
v -0.030517 -0.183530 0.160019
v -0.038588 -0.178106 0.163826
v -0.032386 -0.024494 -0.040192
v -0.023177 -0.028525 -0.043020
v -0.021308 -0.187560 0.157191
v -0.030517 -0.183530 0.160019
v 0.043372 -0.171519 0.168465
v 0.043353 -0.253963 0.285881
v 0.036727 -0.260568 0.281242
v 0.036746 -0.178123 0.163826
v -0.023177 -0.028525 -0.043020
v -0.013185 -0.031008 -0.044762
v -0.011316 -0.190044 0.155449
v -0.021308 -0.187560 0.157191
v -0.013185 -0.031008 -0.044762
v -0.002793 -0.031848 -0.045351
v -0.000924 -0.190884 0.154860
v -0.011316 -0.190044 0.155449
v 0.019481 -0.107016 0.213752
v 0.019462 -0.189461 0.331168
v 0.028670 -0.193491 0.328339
v 0.028689 -0.111047 0.210923
v -0.053157 -0.138771 0.191443
v -0.053176 -0.221216 0.308859
v -0.050143 -0.213038 0.314602
v -0.050124 -0.130594 0.197186
v 0.009469 -0.190048 0.155449
v 0.009450 -0.272493 0.272865
v -0.000943 -0.273328 0.272276
v -0.000924 -0.190884 0.154860
v -0.000924 -0.190884 0.154860
v -0.000943 -0.273328 0.272276
v -0.011335 -0.272488 0.272865
v -0.011316 -0.190044 0.155449
v 0.048304 -0.130616 0.197186
v 0.048285 -0.213061 0.314602
v 0.051315 -0.221240 0.308859
v 0.051334 -0.138795 0.191443
v -0.030500 -0.111033 0.210923
v -0.030519 -0.193478 0.328339
v -0.021309 -0.189451 0.331168
v -0.021290 -0.107007 0.213752
v -0.038588 -0.178106 0.163826
v -0.038607 -0.260551 0.281242
v -0.045230 -0.253943 0.285881
v -0.045211 -0.171498 0.168465
v 0.048297 -0.163983 0.173757
v 0.048278 -0.246427 0.291173
v 0.043353 -0.253963 0.285881
v 0.043372 -0.171519 0.168465
v 0.009488 -0.104533 0.215494
v 0.009469 -0.186977 0.332910
v 0.019462 -0.189461 0.331168
v 0.019481 -0.107016 0.213752
v -0.054183 -0.147276 0.185471
v -0.054202 -0.229721 0.302887
v -0.053176 -0.221216 0.308859
v -0.053157 -0.138771 0.191443
v 0.019462 -0.187570 0.157191
v 0.019443 -0.270014 0.274607
v 0.009450 -0.272493 0.272865
v 0.009469 -0.190048 0.155449
v 0.043383 -0.123078 0.202478
v 0.043364 -0.205523 0.319894
v 0.048285 -0.213061 0.314602
v 0.048304 -0.130616 0.197186
v -0.038574 -0.116453 0.207116
v -0.038592 -0.198898 0.324532
v -0.030519 -0.193478 0.328339
v -0.030500 -0.111033 0.210923
v -0.030517 -0.183530 0.160019
v -0.030536 -0.265974 0.277435
v -0.038607 -0.260551 0.281242
v -0.038588 -0.178106 0.163826
v 0.051330 -0.155805 0.179499
v 0.051311 -0.238250 0.296915
v 0.048278 -0.246427 0.291173
v 0.048297 -0.163983 0.173757
v -0.000904 -0.103693 0.216082
v -0.000923 -0.186137 0.333498
v 0.009469 -0.186977 0.332910
v 0.009488 -0.104533 0.215494
v -0.053161 -0.155781 0.179499
v -0.053180 -0.238226 0.296915
v -0.054202 -0.229721 0.302887
v -0.054183 -0.147276 0.185471
v 0.028673 -0.183543 0.160019
v 0.028654 -0.265988 0.277435
v 0.019443 -0.270014 0.274607
v 0.019462 -0.187570 0.157191
v 0.036760 -0.116470 0.207116
v 0.036741 -0.198915 0.324532
v 0.043364 -0.205523 0.319894
v 0.043383 -0.123078 0.202478
v -0.045200 -0.123058 0.202478
v -0.045219 -0.205502 0.319894
v -0.038592 -0.198898 0.324532
v -0.038574 -0.116453 0.207116
v -0.021308 -0.187560 0.157191
v -0.021327 -0.270005 0.274607
v -0.030536 -0.265974 0.277435
v -0.030517 -0.183530 0.160019
v 0.052355 -0.147300 0.185471
v 0.052336 -0.229745 0.302887
v 0.051311 -0.238250 0.296915
v 0.051330 -0.155805 0.179499
v -0.011296 -0.104528 0.215494
v -0.011315 -0.186973 0.332910
v -0.000923 -0.186137 0.333498
v -0.000904 -0.103693 0.216082
v -0.050132 -0.163960 0.173757
v -0.050151 -0.246405 0.291173
v -0.053180 -0.238226 0.296915
v -0.053161 -0.155781 0.179499
v 0.036746 -0.178123 0.163826
v 0.036727 -0.260568 0.281242
v 0.028654 -0.265988 0.277435
v 0.028673 -0.183543 0.160019
v 0.028689 -0.111047 0.210923
v 0.028670 -0.193491 0.328339
v 0.036741 -0.198915 0.324532
v 0.036760 -0.116470 0.207116
v -0.050124 -0.130594 0.197186
v -0.050143 -0.213038 0.314602
v -0.045219 -0.205502 0.319894
v -0.045200 -0.123058 0.202478
v -0.011316 -0.190044 0.155449
v -0.011335 -0.272488 0.272865
v -0.021327 -0.270005 0.274607
v -0.021308 -0.187560 0.157191
v 0.051334 -0.138795 0.191443
v 0.051315 -0.221240 0.308859
v 0.052336 -0.229745 0.302887
v 0.052355 -0.147300 0.185471
v -0.021290 -0.107007 0.213752
v -0.021309 -0.189451 0.331168
v -0.011315 -0.186973 0.332910
v -0.011296 -0.104528 0.215494
v -0.045211 -0.171498 0.168465
v -0.045230 -0.253943 0.285881
v -0.050151 -0.246405 0.291173
v -0.050132 -0.163960 0.173757
v 0.012276 -0.031839 -0.084500
v -0.002793 -0.033050 -0.085353
v -0.017861 -0.031832 -0.084500
v -0.032350 -0.028232 -0.081974
v -0.045703 -0.022387 -0.077873
v -0.057406 -0.014523 -0.072353
v -0.067009 -0.004942 -0.065627
v -0.074145 0.005989 -0.057953
v -0.078537 0.017848 -0.049626
v -0.080019 0.030181 -0.040967
v -0.078532 0.042513 -0.032308
v -0.074133 0.054370 -0.023981
v -0.066993 0.065298 -0.016308
v -0.057385 0.074874 -0.009582
v -0.045679 0.082733 -0.004062
v -0.032324 0.088572 0.000040
v -0.017833 0.092166 0.002566
v -0.002764 0.093377 0.003419
v 0.012305 0.092159 0.002566
v 0.026794 0.088558 0.000040
v 0.040146 0.082714 -0.004062
v 0.051849 0.074849 -0.009582
v 0.061453 0.065268 -0.016308
v 0.068588 0.054338 -0.023981
v 0.072981 0.042478 -0.032308
v 0.074462 0.030146 -0.040967
v 0.072975 0.017814 -0.049626
v 0.068577 0.005956 -0.057953
v 0.061436 -0.004971 -0.065627
v 0.051828 -0.014548 -0.072353
v 0.040122 -0.022407 -0.077873
v 0.026767 -0.028245 -0.081974
v -0.002800 -0.065885 -0.038591
v 0.012269 -0.064673 -0.037738
v 0.026759 -0.061079 -0.035212
v 0.040114 -0.055241 -0.031111
v 0.051821 -0.047382 -0.025591
v 0.061429 -0.037805 -0.018865
v 0.068569 -0.026878 -0.011191
v 0.072967 -0.015021 -0.002864
v 0.074454 -0.002689 0.005795
v 0.072973 0.009644 0.014454
v 0.068580 0.021503 0.022781
v 0.061445 0.032434 0.030454
v 0.051841 0.042015 0.037180
v 0.040139 0.049879 0.042700
v 0.026786 0.055724 0.046802
v 0.012297 0.059324 0.049328
v -0.002771 0.060542 0.050181
v -0.017840 0.059331 0.049328
v -0.032331 0.055737 0.046802
v -0.045686 0.049899 0.042700
v -0.057393 0.042040 0.037180
v -0.067001 0.032463 0.030454
v -0.074141 0.021536 0.022781
v -0.078539 0.009679 0.014454
v -0.080026 -0.002653 0.005795
v -0.078545 -0.014986 -0.002864
v -0.074152 -0.026845 -0.011191
v -0.067017 -0.037776 -0.018865
v -0.057413 -0.047357 -0.025591
v -0.045710 -0.055221 -0.031111
v -0.032358 -0.061066 -0.035212
v -0.017869 -0.064666 -0.037738
v -0.002793 -0.031848 -0.045351
v -0.013185 -0.031008 -0.044762
v -0.023177 -0.028525 -0.043020
v -0.032386 -0.024494 -0.040192
v -0.040456 -0.019071 -0.036385
v -0.047080 -0.012463 -0.031746
v -0.052000 -0.004925 -0.026454
v -0.055030 0.003254 -0.020712
v -0.056052 0.011760 -0.014740
v -0.055026 0.020264 -0.008768
v -0.051993 0.028442 -0.003025
v -0.047069 0.035978 0.002267
v -0.040442 0.042583 0.006905
v -0.032369 0.048002 0.010712
v -0.023158 0.052029 0.013541
v -0.013165 0.054508 0.015283
v -0.002773 0.055343 0.015871
v 0.007619 0.054503 0.015283
v 0.017612 0.052020 0.013541
v 0.026820 0.047989 0.010712
v 0.034891 0.042565 0.006905
v 0.041515 0.035958 0.002267
v 0.046435 0.028419 -0.003025
v 0.049465 0.020240 -0.008768
v 0.050486 0.011735 -0.014740
v 0.049461 0.003230 -0.020712
v 0.046428 -0.004947 -0.026454
v 0.041503 -0.012483 -0.031746
v 0.034877 -0.019088 -0.036385
v 0.026804 -0.024508 -0.040192
v 0.017593 -0.028534 -0.043020
v 0.007600 -0.031013 -0.044762
v 0.009450 -0.272493 0.272865
v 0.019443 -0.270014 0.274607
v 0.028654 -0.265988 0.277435
v 0.036727 -0.260568 0.281242
v 0.043353 -0.253963 0.285881
v 0.048278 -0.246427 0.291173
v 0.051311 -0.238250 0.296915
v 0.052336 -0.229745 0.302887
v 0.051315 -0.221240 0.308859
v 0.048285 -0.213061 0.314602
v 0.043364 -0.205523 0.319894
v 0.036741 -0.198915 0.324532
v 0.028670 -0.193491 0.328339
v 0.019462 -0.189461 0.331168
v 0.009469 -0.186977 0.332910
v -0.000923 -0.186137 0.333498
v -0.011315 -0.186973 0.332910
v -0.021309 -0.189451 0.331168
v -0.030519 -0.193478 0.328339
v -0.038592 -0.198898 0.324532
v -0.045219 -0.205502 0.319894
v -0.050143 -0.213038 0.314602
v -0.053176 -0.221216 0.308859
v -0.054202 -0.229721 0.302887
v -0.053180 -0.238226 0.296915
v -0.050151 -0.246405 0.291173
v -0.045230 -0.253943 0.285881
v -0.038607 -0.260551 0.281242
v -0.030536 -0.265974 0.277435
v -0.021327 -0.270005 0.274607
v -0.011335 -0.272488 0.272865
v -0.000943 -0.273328 0.272276
v 0.009469 -0.190048 0.155449
v -0.000924 -0.190884 0.154860
v -0.011316 -0.190044 0.155449
v -0.021308 -0.187560 0.157191
v -0.030517 -0.183530 0.160019
v -0.038588 -0.178106 0.163826
v -0.045211 -0.171498 0.168465
v -0.050132 -0.163960 0.173757
v -0.053161 -0.155781 0.179499
v -0.054183 -0.147276 0.185471
v -0.053157 -0.138771 0.191443
v -0.050124 -0.130594 0.197186
v -0.045200 -0.123058 0.202478
v -0.038574 -0.116453 0.207116
v -0.030500 -0.111033 0.210923
v -0.021290 -0.107007 0.213752
v -0.011296 -0.104528 0.215494
v -0.000904 -0.103693 0.216082
v 0.009488 -0.104533 0.215494
v 0.019481 -0.107016 0.213752
v 0.028689 -0.111047 0.210923
v 0.036760 -0.116470 0.207116
v 0.043383 -0.123078 0.202478
v 0.048304 -0.130616 0.197186
v 0.051334 -0.138795 0.191443
v 0.052355 -0.147300 0.185471
v 0.051330 -0.155805 0.179499
v 0.048297 -0.163983 0.173757
v 0.043372 -0.171519 0.168465
v 0.036746 -0.178123 0.163826
v 0.028673 -0.183543 0.160019
v 0.019462 -0.187570 0.157191
vn -0.627829 -0.615704 -0.476171
vn -0.627829 -0.615704 -0.476171
vn -0.627829 -0.615704 -0.476171
vn -0.627829 -0.615704 -0.476171
vn 0.023720 0.596350 -0.802374
vn 0.023720 0.596350 -0.802374
vn 0.023720 0.596350 -0.802374
vn 0.023720 0.596350 -0.802374
vn 0.627829 0.615704 0.476171
vn 0.627829 0.615704 0.476171
vn 0.627829 0.615704 0.476171
vn 0.627829 0.615704 0.476171
vn -0.023720 -0.596350 0.802374
vn -0.023720 -0.596350 0.802374
vn -0.023720 -0.596350 0.802374
vn -0.023720 -0.596350 0.802374
vn 0.777242 -0.528580 -0.341318
vn 0.777242 -0.528580 -0.341318
vn 0.777242 -0.528580 -0.341318
vn 0.777242 -0.528580 -0.341318
vn -0.777242 0.528580 0.341318
vn -0.777242 0.528580 0.341318
vn -0.777242 0.528580 0.341318
vn -0.777242 0.528580 0.341318
vn -0.000224 -0.975418 -0.220364
vn -0.106666 -0.970364 -0.216832
vn -0.115270 -0.812937 -0.570829
vn -0.000188 -0.818401 -0.574647
vn -0.000227 -0.985888 0.167408
vn -0.082011 -0.982004 0.170123
vn -0.106666 -0.970364 -0.216832
vn -0.000224 -0.975418 -0.220364
vn -0.000195 -0.847608 0.530623
vn -0.044935 -0.845483 0.532109
vn -0.000133 -0.580493 0.814266
vn -0.000957 -0.580456 0.814291
vn -0.000051 -0.224193 0.974545
vn 0.043285 -0.226257 0.973105
vn 0.000039 0.167336 0.985900
vn 0.081006 0.163483 0.983215
vn 0.000123 0.533860 0.845573
vn 0.106336 0.528812 0.842052
vn 0.000188 0.818401 0.574647
vn 0.115285 0.812936 0.570828
vn 0.000225 0.976610 0.215016
vn 0.106437 0.971568 0.211487
vn 0.000226 0.984142 -0.177382
vn 0.081193 0.980296 -0.180075
vn 0.000193 0.840513 -0.541791
vn 0.043529 0.838452 -0.543234
vn 0.000130 0.568771 -0.822496
vn -0.000694 0.568808 -0.822470
vn 0.000048 0.211281 -0.977425
vn -0.044692 0.213405 -0.975941
vn -0.000041 -0.177309 -0.984155
vn -0.081825 -0.173425 -0.981442
vn -0.000124 -0.538486 -0.842634
vn -0.106565 -0.533431 -0.839104
vn -0.211208 -0.955417 -0.206325
vn -0.228301 -0.796771 -0.559495
vn -0.162331 -0.970508 0.178222
vn -0.211208 -0.955417 -0.206325
vn -0.088866 -0.839166 0.536566
vn -0.001751 -0.580285 0.814412
vn 0.085865 -0.232281 0.968851
vn 0.160543 0.152159 0.975230
vn 0.210664 0.513914 0.831573
vn 0.228337 0.796764 0.559491
vn 0.210765 0.956637 0.201054
vn 0.160730 0.968928 -0.187998
vn 0.086108 0.832398 -0.547448
vn -0.001487 0.568979 -0.822350
vn -0.088624 0.219748 -0.971523
vn -0.162146 -0.161892 -0.973396
vn -0.211108 -0.518458 -0.828634
vn -0.311859 -0.931095 -0.189223
vn -0.337129 -0.770464 -0.541044
vn -0.239651 -0.951806 0.191396
vn -0.311859 -0.931095 -0.189223
vn -0.131144 -0.828902 0.543804
vn -0.002493 -0.580031 0.814591
vn 0.126876 -0.242112 0.961917
vn 0.237125 0.133714 0.962233
vn 0.311101 0.489664 0.814521
vn 0.337169 0.770453 0.541035
vn 0.311202 0.932350 0.184055
vn 0.237311 0.950428 -0.200920
vn 0.127120 0.822532 -0.554329
vn -0.002229 0.569236 -0.822171
vn -0.130901 0.230050 -0.964335
vn -0.239467 -0.143143 -0.960295
vn -0.311759 -0.494100 -0.811586
vn -0.407291 -0.898082 -0.166020
vn -0.440318 -0.734761 -0.515991
vn -0.312955 -0.926429 0.209256
vn -0.407291 -0.898082 -0.166020
vn -0.171212 -0.814989 0.553606
vn -0.003176 -0.579714 0.814814
vn 0.165777 -0.255486 0.952494
vn 0.309743 0.108654 0.944592
vn 0.406330 0.456742 0.791380
vn 0.440353 0.734746 0.515982
vn 0.406431 0.899391 0.160967
vn 0.309930 0.925315 -0.218485
vn 0.166022 0.809123 -0.563699
vn -0.002912 0.569552 -0.821950
vn -0.170969 0.244001 -0.954585
vn -0.312770 -0.117713 -0.942506
vn -0.407192 -0.461051 -0.788433
vn -0.496563 -0.857087 -0.137216
vn -0.536846 -0.690429 -0.484876
vn -0.381521 -0.894925 0.231411
vn -0.496563 -0.857087 -0.137216
vn -0.208684 -0.797734 0.565748
vn -0.003802 -0.579355 0.815067
vn 0.202177 -0.272126 0.940782
vn 0.377678 0.077510 0.922687
vn 0.495409 0.415855 0.762649
vn 0.536872 0.690414 0.484868
vn 0.495511 0.858470 0.132285
vn 0.377864 0.894127 -0.240326
vn 0.202422 0.792451 -0.575367
vn -0.003539 0.569912 -0.821698
vn -0.208440 0.261286 -0.942487
vn -0.381336 -0.086164 -0.920412
vn -0.496463 -0.420025 -0.759673
vn -0.579015 -0.808751 -0.103270
vn -0.626001 -0.638160 -0.448189
vn -0.444848 -0.857788 0.257508
vn -0.579015 -0.808751 -0.103270
vn -0.243292 -0.777412 0.580034
vn -0.004380 -0.578965 0.815340
vn 0.235797 -0.291782 0.926964
vn 0.440421 0.040764 0.896866
vn 0.577681 0.367638 0.728785
vn 0.626014 0.638151 0.448185
vn 0.577782 0.810232 0.098450
vn 0.440607 0.857352 -0.266106
vn 0.236041 0.772774 -0.589156
vn -0.004118 0.570302 -0.821425
vn -0.243049 0.281629 -0.928231
vn -0.444664 -0.048999 -0.894356
vn -0.578915 -0.371671 -0.725753
vn -0.654146 -0.753608 -0.064557
vn -0.707239 -0.578536 -0.406336
vn -0.502559 -0.815427 0.287253
vn -0.654146 -0.753608 -0.064557
vn -0.274837 -0.754246 0.596303
vn -0.004920 -0.578551 0.815632
vn 0.266421 -0.314237 0.911194
vn 0.497586 -0.001177 0.867414
vn 0.652644 0.312623 0.690161
vn 0.707239 0.578536 0.406337
vn 0.652745 0.755211 0.059835
vn 0.497772 0.815400 -0.295542
vn 0.266665 0.750311 -0.604916
vn -0.004657 0.570717 -0.821134
vn -0.274594 0.304802 -0.911973
vn -0.502374 -0.006628 -0.864625
vn -0.654047 -0.316521 -0.687049
vn -0.721494 -0.692091 -0.021381
vn -0.780056 -0.512023 -0.359645
vn -0.554298 -0.768172 0.320414
vn -0.721494 -0.692091 -0.021381
vn -0.303132 -0.728415 0.614429
vn -0.005427 -0.578109 0.815941
vn 0.293850 -0.339313 0.893599
vn 0.548814 -0.047986 0.834566
vn 0.719835 0.251243 0.647082
vn 0.780047 0.512034 0.359651
vn 0.719935 0.693839 0.016744
vn 0.549001 0.768602 -0.328404
vn 0.294093 0.725242 -0.622522
vn -0.005163 0.571159 -0.820823
vn -0.302890 0.330625 -0.893837
vn -0.554114 0.040617 -0.831450
vn -0.721394 -0.255009 -0.643864
vn -0.780529 -0.624579 0.025991
vn -0.843881 -0.439034 -0.308406
vn -0.599664 -0.716313 0.356790
vn -0.780529 -0.624579 0.025991
vn -0.327959 -0.700072 0.634305
vn -0.005902 -0.577635 0.816274
vn 0.317864 -0.366847 0.874292
vn 0.593701 -0.099368 0.798527
vn 0.778725 0.183879 0.599813
vn 0.843865 0.439054 0.308420
vn 0.778826 0.626495 -0.030552
vn 0.593887 0.717250 -0.364486
vn 0.318107 0.697729 -0.641858
vn -0.005639 0.571632 -0.820491
vn -0.327718 0.358947 -0.873932
vn -0.599479 0.092448 -0.795033
vn -0.780429 -0.187519 -0.596462
vn -0.830598 -0.551485 0.077274
vn -0.898007 -0.360015 -0.252930
vn -0.638153 -0.660162 0.396165
vn -0.830598 -0.551485 0.077274
vn -0.349045 -0.669382 0.655817
vn -0.006341 -0.577122 0.816633
vn 0.338200 -0.396660 0.853394
vn 0.631750 -0.155003 0.759517
vn 0.828664 0.110942 0.548641
vn 0.897990 0.360043 0.252950
vn 0.828765 0.553590 -0.081770
vn 0.631937 0.661661 -0.403560
vn 0.338443 0.667947 -0.662799
vn -0.006078 0.572144 -0.820130
vn -0.348802 0.389607 -0.852375
vn -0.637969 0.148556 -0.755597
vn -0.830499 -0.114457 -0.545134
vn -0.870914 -0.473350 0.132094
vn -0.941585 -0.275547 -0.193629
vn -0.669158 -0.600133 0.438255
vn -0.870914 -0.473350 0.132094
vn -0.366049 -0.636565 0.678817
vn -0.006728 -0.576563 0.817025
vn 0.354544 -0.428522 0.831064
vn 0.662370 -0.214473 0.717822
vn 0.868869 0.032971 0.493942
vn 0.941570 0.275580 0.193651
vn 0.868970 0.475659 -0.136525
vn 0.662557 0.602245 -0.445332
vn 0.354787 0.636122 -0.685183
vn -0.006465 0.572703 -0.819737
vn -0.365807 0.422387 -0.829322
vn -0.668975 0.208533 -0.713433
vn -0.870815 -0.036356 -0.490265
vn -0.900607 -0.390948 0.189912
vn -0.973676 -0.186469 -0.131088
vn -0.692004 -0.536820 0.482654
vn -0.900607 -0.390948 0.189912
vn -0.378594 -0.601942 0.703088
vn -0.007039 -0.575955 0.817451
vn 0.366557 -0.462109 0.807521
vn 0.684906 -0.277181 0.673850
vn 0.898477 -0.049257 0.436250
vn 0.973668 0.186499 0.131108
vn 0.898578 0.393468 -0.194271
vn 0.685093 0.539589 -0.489379
vn 0.366801 0.602572 -0.708777
vn -0.006777 0.573310 -0.819310
vn -0.378352 0.456973 -0.805000
vn -0.691820 0.271797 -0.668963
vn -0.900507 0.046013 -0.432400
vn -0.918838 -0.305371 0.249972
vn -0.993377 -0.093957 -0.066131
vn -0.706036 -0.471062 0.528785
vn -0.918838 -0.305371 0.249972
vn -0.386309 -0.565972 0.728314
vn -0.007248 -0.575305 0.817907
vn 0.373917 -0.496974 0.783073
vn 0.698733 -0.342302 0.628173
vn 0.916652 -0.134662 0.376318
vn 0.993376 0.093970 0.066141
vn 0.916753 0.308095 -0.254248
vn 0.698920 0.474511 -0.535117
vn 0.374161 0.567736 -0.733266
vn -0.006985 0.573959 -0.818854
vn -0.386066 0.492916 -0.779735
vn -0.705851 0.337519 -0.622780
vn -0.918738 0.131565 -0.372304
vn -0.924964 -0.218256 0.311138
vn -1.000000 0.000229 0.000002
vn -0.710743 -0.404127 0.575782
vn -0.924964 -0.218256 0.311138
vn -0.388885 -0.529355 0.754024
vn -0.007292 -0.574631 0.818380
vn 0.376417 -0.532440 0.758168
vn 0.703399 -0.408565 0.581640
vn 0.922767 -0.221587 0.315277
vn 1.000000 -0.000229 -0.000000
vn 0.922868 0.221165 -0.315280
vn 0.703585 0.408242 -0.581641
vn 0.376661 0.532267 -0.758168
vn -0.007029 0.574634 -0.818380
vn -0.388641 0.529534 -0.754024
vn -0.710558 0.404453 -0.575782
vn -0.924864 0.218679 -0.311135
vn -0.918798 -0.131145 0.372305
vn -0.993334 0.094413 0.066133
vn -0.706004 -0.337196 0.622781
vn -0.918798 -0.131145 0.372305
vn -0.386292 -0.492739 0.779735
vn -0.007248 -0.573956 0.818854
vn 0.373900 -0.567908 0.733266
vn 0.698703 -0.474832 0.535116
vn 0.916612 -0.308514 0.254246
vn 0.993332 -0.094425 -0.066142
vn 0.916713 0.134242 -0.376319
vn 0.698889 0.341982 -0.628174
vn 0.374144 0.496802 -0.783073
vn -0.006984 0.575308 -0.817907
vn -0.386050 0.566149 -0.728313
vn -0.705820 0.471386 -0.528785
vn -0.918698 0.305791 -0.249970
vn -0.900528 -0.045599 0.432399
vn -0.973590 0.186916 0.131087
vn -0.691942 -0.271482 0.668965
vn -0.900528 -0.045599 0.432399
vn -0.378560 -0.456800 0.805000
vn -0.007039 -0.573307 0.819310
vn 0.366526 -0.602740 0.708776
vn 0.684847 -0.539902 0.489377
vn 0.898398 -0.393879 0.194270
vn 0.973582 -0.186946 -0.131109
vn 0.898499 0.048845 -0.436250
vn 0.685033 0.276868 -0.673851
vn 0.366769 0.461941 -0.807521
vn -0.006776 0.575958 -0.817451
vn -0.378319 0.602116 -0.703087
vn -0.691758 0.537137 -0.482654
vn -0.900428 0.391360 -0.189911
vn -0.870797 0.036753 0.490267
vn -0.941458 0.275979 0.193629
vn -0.669067 -0.208229 0.713435
vn -0.870797 0.036753 0.490267
vn -0.366000 -0.422219 0.829322
vn -0.006727 -0.572700 0.819737
vn 0.354497 -0.636284 0.685182
vn 0.662281 -0.602548 0.445330
vn 0.868753 -0.476056 0.136523
vn 0.941444 -0.276011 -0.193651
vn 0.868854 -0.033369 -0.493942
vn 0.662467 0.214170 -0.717822
vn 0.354740 0.428360 -0.831064
vn -0.006464 0.576566 -0.817025
vn -0.365758 0.636733 -0.678817
vn -0.668883 0.600440 -0.438255
vn -0.870697 0.473749 -0.132094
vn -0.830445 0.114833 0.545137
vn -0.897842 0.360425 0.252930
vn -0.638036 -0.148265 0.755598
vn -0.830445 0.114833 0.545137
vn -0.348981 -0.389447 0.852375
vn -0.006340 -0.572142 0.820130
vn 0.338137 -0.668102 0.662800
vn 0.631635 -0.661950 0.403559
vn 0.828512 -0.553969 0.081769
vn 0.897825 -0.360454 -0.252951
vn 0.828613 -0.111321 -0.548642
vn 0.631821 0.154714 -0.759517
vn 0.338381 0.396506 -0.853394
vn -0.006077 0.577125 -0.816633
vn -0.348738 0.669542 -0.655817
vn -0.637851 0.660455 -0.396164
vn -0.830345 0.551866 -0.077276
vn -0.780343 0.187875 0.596463
vn -0.843680 0.439421 0.308405
vn -0.599521 -0.092176 0.795034
vn -0.780343 0.187875 0.596463
vn -0.327882 -0.358798 0.873932
vn -0.005901 -0.571629 0.820491
vn 0.317788 -0.697875 0.641858
vn 0.593559 -0.717522 0.364485
vn 0.778539 -0.626852 0.030552
vn 0.843664 -0.439441 -0.308420
vn 0.778641 -0.184235 -0.599813
vn 0.593745 0.099097 -0.798528
vn 0.318031 0.366702 -0.874291
vn -0.005638 0.577638 -0.816274
vn -0.327640 0.700222 -0.634304
vn -0.599336 0.716587 -0.356789
vn -0.780242 0.624937 -0.025992
vn -0.721277 0.255340 0.643864
vn -0.779822 0.512380 0.359645
vn -0.554131 -0.040365 0.831450
vn -0.721277 0.255340 0.643864
vn -0.303041 -0.330486 0.893837
vn -0.005425 -0.571157 0.820823
vn 0.293761 -0.725377 0.622521
vn 0.548649 -0.768853 0.328404
vn 0.719618 -0.694168 -0.016746
vn 0.779812 -0.512390 -0.359652
vn 0.719720 -0.251573 -0.647082
vn 0.548835 0.047737 -0.834567
vn 0.294004 0.339179 -0.893599
vn -0.005161 0.578111 -0.815942
vn -0.302799 0.728554 -0.614428
vn -0.553947 0.768426 -0.320414
vn -0.721177 0.692421 0.021382
vn -0.653902 0.316819 0.687050
vn -0.706974 0.578860 0.406336
vn -0.502370 0.006856 0.864626
vn -0.653902 0.316819 0.687050
vn -0.274734 -0.304675 0.911973
vn -0.004918 -0.570715 0.821133
vn 0.266321 -0.750434 0.604915
vn 0.497399 -0.815628 0.295541
vn 0.652399 -0.755510 -0.059836
vn 0.706974 -0.578860 -0.406336
vn 0.652501 -0.312922 -0.690162
vn 0.497585 0.000952 -0.867415
vn 0.266565 0.314115 -0.911194
vn -0.004655 0.578553 -0.815632
vn -0.274491 0.754372 -0.596303
vn -0.502185 0.815657 -0.287252
vn -0.653802 0.753907 0.064559
vn -0.578745 0.371934 0.725755
vn -0.625710 0.638447 0.448188
vn -0.444641 0.049201 0.894357
vn -0.578745 0.371934 0.725755
vn -0.243178 -0.281518 0.928231
vn -0.004378 -0.570301 0.821424
vn 0.235688 -0.772883 0.589155
vn 0.440215 -0.857554 0.266104
vn 0.577411 -0.810496 -0.098450
vn 0.625722 -0.638439 -0.448183
vn 0.577512 -0.367901 -0.728786
vn 0.440401 -0.040963 -0.896866
vn 0.235931 0.291674 -0.926964
vn -0.004115 0.578968 -0.815340
vn -0.242935 0.777523 -0.580035
vn -0.444456 0.857992 -0.257506
vn -0.578645 0.809015 0.103272
vn -0.496271 0.420252 0.759673
vn -0.536531 0.690675 0.484875
vn -0.381296 0.086337 0.920413
vn -0.496271 0.420252 0.759673
vn -0.208561 -0.261191 0.942487
vn -0.003800 -0.569911 0.821698
vn 0.202059 -0.792544 0.575367
vn 0.377455 -0.894300 0.240324
vn 0.495118 -0.858696 -0.132286
vn 0.536556 -0.690661 -0.484866
vn 0.495219 -0.416080 -0.762651
vn 0.377641 -0.077679 -0.922688
vn 0.202303 0.272033 -0.940782
vn -0.003537 0.579357 -0.815066
vn -0.208318 0.797830 -0.565748
vn -0.381111 0.895100 -0.231410
vn -0.496171 0.857313 0.137219
vn -0.406981 0.461237 0.788434
vn -0.439981 0.734964 0.515988
vn -0.312715 0.117853 0.942507
vn -0.406981 0.461237 0.788434
vn -0.171081 -0.243922 0.954585
vn -0.003173 -0.569552 0.821949
vn 0.165651 -0.809199 0.563699
vn 0.309506 -0.925457 0.218483
vn 0.406020 -0.899576 -0.160970
vn 0.440017 -0.734950 -0.515979
vn 0.406121 -0.456928 -0.791381
vn 0.309693 -0.108792 -0.944592
vn 0.165895 0.255409 -0.952494
vn -0.002910 0.579716 -0.814813
vn -0.170839 0.815067 -0.553606
vn -0.312531 0.926573 -0.209254
vn -0.406881 0.898268 0.166022
vn -0.311533 0.494241 0.811587
vn -0.336777 0.770620 0.541042
vn -0.239400 0.143247 0.960296
vn -0.311533 0.494241 0.811587
vn -0.131007 -0.229991 0.964335
vn -0.002490 -0.569235 0.822171
vn 0.126743 -0.822591 0.554329
vn 0.236876 -0.950537 0.200919
vn 0.310776 -0.932492 -0.184056
vn 0.336816 -0.770609 -0.541034
vn 0.310877 -0.489805 -0.814522
vn 0.237063 -0.133819 -0.962234
vn 0.126987 0.242054 -0.961917
vn -0.002227 0.580032 -0.814591
vn -0.130764 0.828962 -0.543804
vn -0.239216 0.951916 -0.191393
vn -0.311433 0.931238 0.189225
vn -0.210870 0.518551 0.828637
vn -0.227936 0.796875 0.559495
vn -0.162071 0.161963 0.973397
vn -0.210870 0.518551 0.828637
vn -0.088724 -0.219708 0.971523
vn -0.001748 -0.568980 0.822350
vn 0.085727 -0.832438 0.547447
vn 0.160287 -0.969002 0.187998
vn 0.210327 -0.956734 -0.201054
vn 0.227972 -0.796868 -0.559491
vn 0.210428 -0.514009 -0.831574
vn 0.160474 -0.152231 -0.975230
vn 0.085971 0.232244 -0.968851
vn -0.001485 0.580287 -0.814410
vn -0.088482 0.839207 -0.536565
vn -0.161886 0.970582 -0.178221
vn -0.210770 0.955514 0.206324
vn -0.106320 0.533476 0.839107
vn -0.114897 0.812989 0.570830
vn -0.081745 0.173459 0.981443
vn -0.106320 0.533476 0.839107
vn -0.044790 -0.213384 0.975941
vn -0.000955 -0.568808 0.822470
vn 0.043144 -0.838472 0.543234
vn 0.080744 -0.980333 0.180075
vn 0.105992 -0.971617 -0.211487
vn 0.114913 -0.812988 -0.570829
vn 0.106093 -0.528860 -0.842052
vn 0.080931 -0.163519 -0.983215
vn 0.043389 0.226239 -0.973105
vn -0.000691 0.580458 -0.814290
vn -0.044547 0.845504 -0.532108
vn -0.081560 0.982042 -0.170124
vn -0.106220 0.970413 0.216831
vn 0.000124 0.538484 0.842635
vn 0.000188 0.818401 0.574648
vn 0.000041 0.177308 0.984155
vn 0.000124 0.538484 0.842635
vn -0.000049 -0.211281 0.977425
vn -0.000130 -0.568773 0.822495
vn -0.000193 -0.840514 0.541790
vn -0.000226 -0.984142 0.177381
vn -0.000225 -0.976610 -0.215016
vn -0.000188 -0.818400 -0.574649
vn -0.000123 -0.533859 -0.845574
vn -0.000039 -0.167335 -0.985900
vn 0.000051 0.224194 -0.974544
vn 0.000133 0.580493 -0.814265
vn 0.000195 0.847608 -0.530623
vn 0.000227 0.985888 -0.167408
vn 0.000224 0.975417 0.220365
vn 0.106565 0.533430 0.839105
vn 0.115270 0.812937 0.570830
vn 0.081825 0.173423 0.981442
vn 0.106565 0.533430 0.839105
vn 0.044693 -0.213406 0.975941
vn 0.000694 -0.568809 0.822469
vn -0.043529 -0.838452 0.543234
vn -0.081194 -0.980296 0.180075
vn -0.106437 -0.971568 -0.211487
vn -0.115286 -0.812935 -0.570829
vn -0.106336 -0.528811 -0.842052
vn -0.081007 -0.163483 -0.983215
vn -0.043285 0.226258 -0.973105
vn 0.000958 0.580456 -0.814291
vn 0.044936 0.845484 -0.532107
vn 0.082011 0.982004 -0.170123
vn 0.106666 0.970364 0.216830
vn 0.211108 0.518456 0.828635
vn 0.228302 0.796771 0.559495
vn 0.162145 0.161889 0.973397
vn 0.211108 0.518456 0.828635
vn 0.088624 -0.219750 0.971522
vn 0.001487 -0.568980 0.822350
vn -0.086109 -0.832399 0.547447
vn -0.160730 -0.968928 0.187999
vn -0.210765 -0.956638 -0.201053
vn -0.228338 -0.796763 -0.559492
vn -0.210664 -0.513912 -0.831574
vn -0.160544 -0.152157 -0.975230
vn -0.085864 0.232283 -0.968851
vn 0.001751 0.580286 -0.814411
vn 0.088867 0.839167 -0.536564
vn 0.162331 0.970508 -0.178222
vn 0.211208 0.955417 0.206323
vn 0.311759 0.494100 0.811586
vn 0.337129 0.770467 0.541041
vn 0.239465 0.143137 0.960296
vn 0.311759 0.494100 0.811586
vn 0.130901 -0.230050 0.964335
vn 0.002229 -0.569235 0.822172
vn -0.127120 -0.822533 0.554329
vn -0.237312 -0.950429 0.200920
vn -0.311203 -0.932350 -0.184056
vn -0.337169 -0.770454 -0.541034
vn -0.311101 -0.489663 -0.814522
vn -0.237124 -0.133711 -0.962234
vn -0.126876 0.242112 -0.961917
vn 0.002493 0.580031 -0.814591
vn 0.131144 0.828902 -0.543803
vn 0.239651 0.951807 -0.191394
vn 0.311859 0.931095 0.189224
vn 0.407192 0.461051 0.788433
vn 0.440318 0.734762 0.515990
vn 0.312769 0.117711 0.942507
vn 0.407192 0.461051 0.788433
vn 0.170969 -0.244001 0.954585
vn 0.002912 -0.569553 0.821950
vn -0.166021 -0.809123 0.563700
vn -0.309930 -0.925315 0.218485
vn -0.406431 -0.899390 -0.160969
vn -0.440353 -0.734749 -0.515978
vn -0.406330 -0.456742 -0.791380
vn -0.309742 -0.108651 -0.944592
vn -0.165777 0.255485 -0.952494
vn 0.003176 0.579714 -0.814814
vn 0.171212 0.814989 -0.553607
vn 0.312955 0.926430 -0.209255
vn 0.407292 0.898081 0.166023
vn 0.496463 0.420024 0.759674
vn 0.536846 0.690427 0.484877
vn 0.381335 0.086163 0.920413
vn 0.496463 0.420024 0.759674
vn 0.208441 -0.261286 0.942487
vn 0.003539 -0.569913 0.821698
vn -0.202422 -0.792451 0.575367
vn -0.377864 -0.894127 0.240326
vn -0.495511 -0.858469 -0.132286
vn -0.536872 -0.690416 -0.484866
vn -0.495409 -0.415854 -0.762650
vn -0.377676 -0.077506 -0.922688
vn -0.202177 0.272127 -0.940782
vn 0.003803 0.579355 -0.815066
vn 0.208684 0.797734 -0.565748
vn 0.381520 0.894925 -0.231412
vn 0.496563 0.857086 0.137219
vn 0.578915 0.371667 0.725756
vn 0.626001 0.638160 0.448190
vn 0.444663 0.048997 0.894357
vn 0.578915 0.371667 0.725756
vn 0.243049 -0.281628 0.928231
vn 0.004116 -0.570303 0.821424
vn -0.236042 -0.772774 0.589156
vn -0.440607 -0.857352 0.266106
vn -0.577782 -0.810232 -0.098451
vn -0.626013 -0.638153 -0.448183
vn -0.577681 -0.367639 -0.728784
vn -0.440419 -0.040761 -0.896866
vn -0.235797 0.291783 -0.926964
vn 0.004381 0.578966 -0.815340
vn 0.243293 0.777412 -0.580033
vn 0.444848 0.857788 -0.257508
vn 0.579015 0.808750 0.103271
vn 0.654046 0.316518 0.687052
vn 0.707239 0.578534 0.406339
vn 0.502373 0.006626 0.864626
vn 0.654046 0.316518 0.687052
vn 0.274594 -0.304801 0.911973
vn 0.004655 -0.570718 0.821133
vn -0.266665 -0.750311 0.604915
vn -0.497772 -0.815400 0.295544
vn -0.652745 -0.755211 -0.059835
vn -0.707239 -0.578536 -0.406337
vn -0.652644 -0.312624 -0.690161
vn -0.497585 0.001179 -0.867415
vn -0.266420 0.314239 -0.911194
vn 0.004921 0.578551 -0.815631
vn 0.274837 0.754246 -0.596303
vn 0.502558 0.815427 -0.287254
vn 0.654147 0.753607 0.064559
vn 0.721394 0.255010 0.643864
vn 0.780056 0.512022 0.359647
vn 0.554112 -0.040619 0.831451
vn 0.721394 0.255010 0.643864
vn 0.302889 -0.330626 0.893837
vn 0.005163 -0.571159 0.820823
vn -0.294094 -0.725242 0.622521
vn -0.548999 -0.768602 0.328406
vn -0.719936 -0.693838 -0.016746
vn -0.780047 -0.512031 -0.359655
vn -0.719835 -0.251243 -0.647082
vn -0.548813 0.047988 -0.834567
vn -0.293849 0.339314 -0.893599
vn 0.005427 0.578109 -0.815941
vn 0.303132 0.728415 -0.614428
vn 0.554297 0.768172 -0.320416
vn 0.721494 0.692090 0.021382
vn 0.780430 0.187520 0.596461
vn 0.843881 0.439033 0.308407
vn 0.599478 -0.092449 0.795034
vn 0.780430 0.187520 0.596461
vn 0.327716 -0.358948 0.873933
vn 0.005639 -0.571632 0.820491
vn -0.318109 -0.697729 0.641857
vn -0.593886 -0.717251 0.364487
vn -0.778826 -0.626495 0.030552
vn -0.843865 -0.439052 -0.308423
vn -0.778725 -0.183879 -0.599814
vn -0.593700 0.099369 -0.798528
vn -0.317863 0.366848 -0.874292
vn 0.005903 0.577636 -0.816273
vn 0.327961 0.700072 -0.634303
vn 0.599663 0.716313 -0.356791
vn 0.780529 0.624579 -0.025990
vn 0.830498 0.114454 0.545136
vn 0.898007 0.360012 0.252933
vn 0.637967 -0.148557 0.755598
vn 0.830498 0.114454 0.545136
vn 0.348802 -0.389607 0.852375
vn 0.006077 -0.572145 0.820130
vn -0.338444 -0.667947 0.662799
vn -0.631936 -0.661661 0.403561
vn -0.828765 -0.553590 0.081771
vn -0.897990 -0.360042 -0.252952
vn -0.828664 -0.110941 -0.548643
vn -0.631749 0.155003 -0.759517
vn -0.338199 0.396661 -0.853394
vn 0.006342 0.577123 -0.816633
vn 0.349045 0.669382 -0.655816
vn 0.638152 0.660163 -0.396166
vn 0.830598 0.551485 -0.077274
vn 0.870814 0.036354 0.490267
vn 0.941585 0.275547 0.193629
vn 0.668972 -0.208535 0.713435
vn 0.870814 0.036354 0.490267
vn 0.365807 -0.422387 0.829322
vn 0.006464 -0.572703 0.819737
vn -0.354788 -0.636122 0.685182
vn -0.662556 -0.602245 0.445332
vn -0.868971 -0.475658 0.136524
vn -0.941570 -0.275580 -0.193653
vn -0.868869 -0.032971 -0.493943
vn -0.662368 0.214473 -0.717823
vn -0.354543 0.428523 -0.831064
vn 0.006729 0.576563 -0.817025
vn 0.366050 0.636565 -0.678817
vn 0.669158 0.600133 -0.438255
vn 0.870914 0.473350 -0.132094
vn 0.900507 -0.046013 0.432400
vn 0.973676 0.186470 0.131087
vn 0.691818 -0.271799 0.668965
vn 0.900507 -0.046013 0.432400
vn 0.378351 -0.456974 0.805000
vn 0.006775 -0.573310 0.819310
vn -0.366802 -0.602571 0.708776
vn -0.685094 -0.539588 0.489378
vn -0.898579 -0.393467 0.194269
vn -0.973667 -0.186500 -0.131109
vn -0.898476 0.049257 -0.436251
vn -0.684905 0.277183 -0.673851
vn -0.366557 0.462109 -0.807522
vn 0.007041 0.575955 -0.817451
vn 0.378595 0.601942 -0.703087
vn 0.692004 0.536820 -0.482654
vn 0.900607 0.390948 -0.189911
vn 0.918738 -0.131566 0.372305
vn 0.993377 0.093957 0.066132
vn 0.705850 -0.337520 0.622781
vn 0.918738 -0.131566 0.372305
vn 0.386067 -0.492916 0.779735
vn 0.006984 -0.573960 0.818854
vn -0.374161 -0.567736 0.733266
vn -0.698921 -0.474511 0.535116
vn -0.916754 -0.308093 0.254245
vn -0.993376 -0.093969 -0.066141
vn -0.916652 0.134663 -0.376318
vn -0.698731 0.342303 -0.628175
vn -0.373916 0.496974 -0.783073
vn 0.007250 0.575305 -0.817907
vn 0.386309 0.565972 -0.728314
vn 0.706036 0.471062 -0.528785
vn 0.918839 0.305369 -0.249969
vn 0.924864 -0.218679 0.311136
vn 1.000000 -0.000230 -0.000000
vn 0.710558 -0.404454 0.575782
vn 0.924864 -0.218679 0.311136
vn 0.388641 -0.529534 0.754024
vn 0.007028 -0.574634 0.818380
vn -0.376661 -0.532267 0.758168
vn -0.703586 -0.408242 0.581640
vn -0.922869 -0.221162 0.315278
vn -1.000000 0.000230 0.000000
vn -0.922767 0.221587 -0.315278
vn -0.703397 0.408566 -0.581641
vn -0.376416 0.532440 -0.758168
vn 0.007293 0.574631 -0.818380
vn 0.388884 0.529355 -0.754024
vn 0.710744 0.404126 -0.575782
vn 0.924965 0.218253 -0.311135
vn 0.918698 -0.305791 0.249970
vn 0.993334 -0.094413 -0.066132
vn 0.705819 -0.471386 0.528786
vn 0.918698 -0.305791 0.249970
vn 0.386049 -0.566149 0.728314
vn 0.006984 -0.575308 0.817907
vn -0.374145 -0.496802 0.783073
vn -0.698890 -0.341981 0.628173
vn -0.916714 -0.134241 0.376317
vn -0.993332 0.094425 0.066141
vn -0.916612 0.308514 -0.254246
vn -0.698702 0.474832 -0.535117
vn -0.373899 0.567908 -0.733267
vn 0.007249 0.573956 -0.818854
vn 0.386293 0.492739 -0.779735
vn 0.706005 0.337195 -0.622781
vn 0.918799 0.131143 -0.372304
vn 0.900428 -0.391360 0.189911
vn 0.973591 -0.186917 -0.131086
vn 0.691757 -0.537137 0.482655
vn 0.900428 -0.391360 0.189911
vn 0.378317 -0.602116 0.703088
vn 0.006775 -0.575958 0.817451
vn -0.366770 -0.461941 0.807521
vn -0.685034 -0.276867 0.673850
vn -0.898499 -0.048844 0.436249
vn -0.973582 0.186946 0.131108
vn -0.898397 0.393879 -0.194270
vn -0.684846 0.539902 -0.489378
vn -0.366524 0.602740 -0.708777
vn 0.007040 0.573307 -0.819310
vn 0.378562 0.456800 -0.805000
vn 0.691943 0.271482 -0.668964
vn 0.900529 0.045600 -0.432399
vn 0.870697 -0.473749 0.132094
vn 0.941458 -0.275979 -0.193628
vn 0.668882 -0.600440 0.438256
vn 0.870697 -0.473749 0.132094
vn 0.365757 -0.636733 0.678818
vn 0.006463 -0.576565 0.817025
vn -0.354741 -0.428360 0.831064
vn -0.662468 -0.214168 0.717821
vn -0.868855 0.033371 0.493941
vn -0.941444 0.276012 0.193650
vn -0.868753 0.476056 -0.136524
vn -0.662281 0.602548 -0.445331
vn -0.354495 0.636284 -0.685183
vn 0.006728 0.572700 -0.819738
vn 0.366000 0.422219 -0.829322
vn 0.669068 0.208229 -0.713435
vn 0.870797 -0.036754 -0.490266
vn 0.830345 -0.551866 0.077276
vn 0.897842 -0.360426 -0.252929
vn 0.637851 -0.660455 0.396165
vn 0.830345 -0.551866 0.077276
vn 0.348738 -0.669542 0.655817
vn 0.006076 -0.577125 0.816633
vn -0.338382 -0.396505 0.853394
vn -0.631822 -0.154713 0.759516
vn -0.828614 0.111322 0.548640
vn -0.897825 0.360455 0.252949
vn -0.828512 0.553969 -0.081770
vn -0.631634 0.661950 -0.403560
vn -0.338136 0.668102 -0.662800
vn 0.006341 0.572141 -0.820131
vn 0.348982 0.389447 -0.852375
vn 0.638035 0.148265 -0.755598
vn 0.830445 -0.114834 -0.545137
vn 0.780242 -0.624937 0.025992
vn 0.843680 -0.439421 -0.308405
vn 0.599336 -0.716587 0.356790
vn 0.780242 -0.624937 0.025992
vn 0.327639 -0.700222 0.634304
vn 0.005637 -0.577638 0.816274
vn -0.318032 -0.366701 0.874291
vn -0.593746 -0.099097 0.798527
vn -0.778641 0.184236 0.599813
vn -0.843664 0.439441 0.308419
vn -0.778539 0.626852 -0.030553
vn -0.593558 0.717522 -0.364486
vn -0.317787 0.697875 -0.641859
vn 0.005902 0.571629 -0.820491
vn 0.327883 0.358797 -0.873932
vn 0.599521 0.092175 -0.795034
vn 0.780343 -0.187875 -0.596463
vn 0.721177 -0.692421 -0.021381
vn 0.779822 -0.512380 -0.359645
vn 0.553946 -0.768426 0.320414
vn 0.721177 -0.692421 -0.021381
vn 0.302798 -0.728554 0.614429
vn 0.005160 -0.578111 0.815942
vn -0.294005 -0.339179 0.893599
vn -0.548835 -0.047736 0.834566
vn -0.719720 0.251573 0.647082
vn -0.779812 0.512390 0.359652
vn -0.719618 0.694168 0.016746
vn -0.548648 0.768853 -0.328405
vn -0.293760 0.725377 -0.622522
vn 0.005426 0.571156 -0.820824
vn 0.303042 0.330486 -0.893837
vn 0.554132 0.040365 -0.831450
vn 0.721277 -0.255340 -0.643864
vn 0.653801 -0.753907 -0.064558
vn 0.706974 -0.578860 -0.406335
vn 0.502185 -0.815657 0.287252
vn 0.653801 -0.753907 -0.064558
vn 0.274491 -0.754372 0.596303
vn 0.004653 -0.578552 0.815632
vn -0.266566 -0.314114 0.911194
vn -0.497586 -0.000951 0.867414
vn -0.652501 0.312922 0.690161
vn -0.706974 0.578861 0.406335
vn -0.652399 0.755510 0.059836
vn -0.497399 0.815628 -0.295542
vn -0.266320 0.750433 -0.604917
vn 0.004919 0.570715 -0.821134
vn 0.274735 0.304675 -0.911973
vn 0.502371 -0.006856 -0.864625
vn 0.653902 -0.316820 -0.687050
vn 0.578644 -0.809015 -0.103272
vn 0.625709 -0.638448 -0.448187
vn 0.444456 -0.857992 0.257506
vn 0.578644 -0.809015 -0.103272
vn 0.242935 -0.777523 0.580035
vn 0.004114 -0.578967 0.815341
vn -0.235932 -0.291672 0.926965
vn -0.440402 0.040964 0.896866
vn -0.577513 0.367902 0.728785
vn -0.625721 0.638441 0.448181
vn -0.577411 0.810496 0.098449
vn -0.440215 0.857554 -0.266105
vn -0.235686 0.772882 -0.589157
vn 0.004379 0.570300 -0.821425
vn 0.243179 0.281516 -0.928231
vn 0.444641 -0.049201 -0.894357
vn 0.578745 -0.371935 -0.725754
vn 0.496171 -0.857313 -0.137219
vn 0.536531 -0.690675 -0.484874
vn 0.381111 -0.895100 0.231411
vn 0.496171 -0.857313 -0.137219
vn 0.208318 -0.797829 0.565749
vn 0.003536 -0.579356 0.815067
vn -0.202303 -0.272032 0.940782
vn -0.377642 0.077680 0.922688
vn -0.495219 0.416081 0.762649
vn -0.536556 0.690662 0.484865
vn -0.495117 0.858697 0.132284
vn -0.377455 0.894299 -0.240326
vn -0.202058 0.792543 -0.575368
vn 0.003801 0.569910 -0.821698
vn 0.208561 0.261189 -0.942487
vn 0.381296 -0.086337 -0.920413
vn 0.496271 -0.420252 -0.759673
vn 0.406880 -0.898268 -0.166022
vn 0.439981 -0.734964 -0.515988
vn 0.312530 -0.926573 0.209255
vn 0.406880 -0.898268 -0.166022
vn 0.170838 -0.815067 0.553607
vn 0.002909 -0.579715 0.814814
vn -0.165895 -0.255408 0.952494
vn -0.309694 0.108794 0.944592
vn -0.406121 0.456929 0.791379
vn -0.440016 0.734950 0.515979
vn -0.406019 0.899576 0.160969
vn -0.309505 0.925457 -0.218486
vn -0.165650 0.809198 -0.563700
vn 0.003174 0.569550 -0.821950
vn 0.171082 0.243921 -0.954586
vn 0.312716 -0.117853 -0.942507
vn 0.406981 -0.461237 -0.788434
vn 0.311432 -0.931238 -0.189224
vn 0.336777 -0.770621 -0.541041
vn 0.239215 -0.951916 0.191393
vn 0.311432 -0.931238 -0.189224
vn 0.130764 -0.828961 0.543805
vn 0.002226 -0.580031 0.814591
vn -0.126987 -0.242053 0.961917
vn -0.237064 0.133821 0.962233
vn -0.310877 0.489807 0.814521
vn -0.336816 0.770608 0.541034
vn -0.310775 0.932492 0.184056
vn -0.236875 0.950537 -0.200921
vn -0.126742 0.822590 -0.554330
vn 0.002491 0.569234 -0.822172
vn 0.131007 0.229989 -0.964335
vn 0.239401 -0.143248 -0.960295
vn 0.311533 -0.494241 -0.811586
vn 0.210770 -0.955514 -0.206323
vn 0.227936 -0.796876 -0.559494
vn 0.161886 -0.970582 0.178221
vn 0.210770 -0.955514 -0.206323
vn 0.088482 -0.839207 0.536566
vn 0.001485 -0.580286 0.814412
vn -0.085971 -0.232242 0.968851
vn -0.160474 0.152233 0.975230
vn -0.210429 0.514010 0.831573
vn -0.227973 0.796868 0.559490
vn -0.210327 0.956734 0.201052
vn -0.160286 0.969002 -0.188000
vn -0.085727 0.832437 -0.547448
vn 0.001749 0.568978 -0.822351
vn 0.088725 0.219708 -0.971523
vn 0.162071 -0.161964 -0.973396
vn 0.210870 -0.518552 -0.828636
vn 0.106220 -0.970413 -0.216830
vn 0.114897 -0.812991 -0.570828
vn 0.081560 -0.982042 0.170123
vn 0.106220 -0.970413 -0.216830
vn 0.044547 -0.845504 0.532108
vn 0.000691 -0.580456 0.814291
vn -0.043389 -0.226237 0.973105
vn -0.080931 0.163520 0.983215
vn -0.106093 0.528861 0.842051
vn -0.114912 0.812989 0.570828
vn -0.105991 0.971617 0.211487
vn -0.080744 0.980333 -0.180076
vn -0.043144 0.838471 -0.543235
vn 0.000955 0.568807 -0.822470
vn 0.044790 0.213384 -0.975941
vn 0.081745 -0.173460 -0.981443
vn 0.106320 -0.533478 -0.839105
vn -0.000224 -0.975418 -0.220364
vn -0.000188 -0.818401 -0.574647
vn -0.000227 -0.985888 0.167408
vn -0.000224 -0.975418 -0.220364
vn -0.000195 -0.847608 0.530623
vn -0.000133 -0.580493 0.814266
vn -0.000051 -0.224193 0.974545
vn 0.000039 0.167336 0.985900
vn 0.000123 0.533860 0.845573
vn 0.000188 0.818401 0.574647
vn 0.000225 0.976610 0.215016
vn 0.000226 0.984142 -0.177382
vn 0.000193 0.840513 -0.541791
vn 0.000130 0.568771 -0.822496
vn 0.000048 0.211281 -0.977425
vn -0.000041 -0.177309 -0.984155
vn -0.000124 -0.538486 -0.842634
vn -1.000000 0.000229 -0.000000
vn -1.000000 0.000229 -0.000000
vn -1.000000 0.000229 -0.000000
vn -1.000000 0.000229 -0.000000
vn 0.000124 0.542641 -0.839964
vn 0.000124 0.542641 -0.839964
vn 0.000124 0.542641 -0.839964
vn 0.000124 0.542641 -0.839964
vn 1.000000 -0.000229 0.000000
vn 1.000000 -0.000229 0.000000
vn 1.000000 -0.000229 0.000000
vn 1.000000 -0.000229 0.000000
vn -0.000124 -0.542641 0.839964
vn -0.000124 -0.542641 0.839964
vn -0.000124 -0.542641 0.839964
vn -0.000124 -0.542641 0.839964
vn -0.000195 -0.852181 -0.523247
vn -0.000195 -0.852181 -0.523247
vn -0.000195 -0.852181 -0.523247
vn -0.000195 -0.852181 -0.523247
vn 0.000195 0.852180 0.523248
vn 0.000195 0.852180 0.523248
vn 0.000195 0.852180 0.523248
vn 0.000195 0.852180 0.523248
vn -0.684789 0.558021 0.468696
vn -0.684789 0.558021 0.468696
vn -0.684789 0.558021 0.468696
vn -0.684789 0.558021 0.468696
vn -0.047236 0.607817 -0.792671
vn -0.047236 0.607817 -0.792671
vn -0.047236 0.607817 -0.792671
vn -0.047236 0.607817 -0.792671
vn 0.684789 -0.558022 -0.468695
vn 0.684789 -0.558022 -0.468695
vn 0.684789 -0.558022 -0.468695
vn 0.684789 -0.558022 -0.468695
vn 0.047236 -0.607817 0.792671
vn 0.047236 -0.607817 0.792671
vn 0.047236 -0.607817 0.792671
vn 0.047236 -0.607817 0.792671
vn -0.725935 -0.578735 -0.371598
vn -0.725935 -0.578735 -0.371598
vn -0.725935 -0.578735 -0.371598
vn -0.725935 -0.578735 -0.371598
vn 0.725935 0.578734 0.371598
vn 0.725935 0.578734 0.371598
vn 0.725935 0.578734 0.371598
vn 0.725935 0.578734 0.371598
vn 0.097831 -0.814483 -0.571880
vn 0.097831 -0.814483 -0.571880
vn 0.097831 -0.814483 -0.571880
vn 0.097831 -0.814483 -0.571880
vn 0.290105 -0.783228 -0.549903
vn 0.290105 -0.783228 -0.549903
vn 0.290105 -0.783228 -0.549903
vn 0.290105 -0.783228 -0.549903
vn 0.471231 -0.721874 -0.506793
vn 0.471231 -0.721874 -0.506793
vn 0.471231 -0.721874 -0.506793
vn 0.471231 -0.721874 -0.506793
vn 0.634249 -0.632778 -0.444208
vn 0.634249 -0.632778 -0.444208
vn 0.634249 -0.632778 -0.444208
vn 0.634249 -0.632778 -0.444208
vn 0.772891 -0.519366 -0.364552
vn 0.772891 -0.519366 -0.364552
vn 0.772891 -0.519366 -0.364552
vn 0.772891 -0.519366 -0.364552
vn 0.881833 -0.385994 -0.270887
vn 0.881833 -0.385994 -0.270887
vn 0.881833 -0.385994 -0.270887
vn 0.881833 -0.385994 -0.270887
vn 0.956886 -0.237788 -0.166811
vn 0.956886 -0.237788 -0.166811
vn 0.956886 -0.237788 -0.166811
vn 0.956886 -0.237788 -0.166811
vn 0.995166 -0.080446 -0.056325
vn 0.995166 -0.080446 -0.056325
vn 0.995166 -0.080446 -0.056325
vn 0.995166 -0.080446 -0.056325
vn 0.995203 0.079989 0.056325
vn 0.995203 0.079989 0.056325
vn 0.995203 0.079989 0.056325
vn 0.995203 0.079989 0.056325
vn 0.956995 0.237350 0.166811
vn 0.956995 0.237350 0.166811
vn 0.956995 0.237350 0.166811
vn 0.956995 0.237350 0.166811
vn 0.882010 0.385590 0.270887
vn 0.882010 0.385590 0.270887
vn 0.882010 0.385590 0.270887
vn 0.882010 0.385590 0.270887
vn 0.773129 0.519011 0.364552
vn 0.773129 0.519011 0.364552
vn 0.773129 0.519011 0.364552
vn 0.773129 0.519011 0.364552
vn 0.634539 0.632487 0.444208
vn 0.634539 0.632487 0.444208
vn 0.634539 0.632487 0.444208
vn 0.634539 0.632487 0.444208
vn 0.471562 0.721658 0.506793
vn 0.471562 0.721658 0.506793
vn 0.471562 0.721658 0.506793
vn 0.471562 0.721658 0.506793
vn 0.290464 0.783095 0.549903
vn 0.290464 0.783095 0.549903
vn 0.290464 0.783095 0.549903
vn 0.290464 0.783095 0.549903
vn 0.098204 0.814438 0.571880
vn 0.098204 0.814438 0.571880
vn 0.098204 0.814438 0.571880
vn 0.098204 0.814438 0.571880
vn -0.097831 0.814483 0.571880
vn -0.097831 0.814483 0.571880
vn -0.097831 0.814483 0.571880
vn -0.097831 0.814483 0.571880
vn -0.290104 0.783228 0.549903
vn -0.290104 0.783228 0.549903
vn -0.290104 0.783228 0.549903
vn -0.290104 0.783228 0.549903
vn -0.471232 0.721873 0.506793
vn -0.471232 0.721873 0.506793
vn -0.471232 0.721873 0.506793
vn -0.471232 0.721873 0.506793
vn -0.634248 0.632778 0.444208
vn -0.634248 0.632778 0.444208
vn -0.634248 0.632778 0.444208
vn -0.634248 0.632778 0.444208
vn -0.772891 0.519366 0.364553
vn -0.772891 0.519366 0.364553
vn -0.772891 0.519366 0.364553
vn -0.772891 0.519366 0.364553
vn -0.881833 0.385994 0.270887
vn -0.881833 0.385994 0.270887
vn -0.881833 0.385994 0.270887
vn -0.881833 0.385994 0.270887
vn -0.956886 0.237789 0.166811
vn -0.956886 0.237789 0.166811
vn -0.956886 0.237789 0.166811
vn -0.956886 0.237789 0.166811
vn -0.995166 0.080446 0.056326
vn -0.995166 0.080446 0.056326
vn -0.995166 0.080446 0.056326
vn -0.995166 0.080446 0.056326
vn -0.995203 -0.079989 -0.056325
vn -0.995203 -0.079989 -0.056325
vn -0.995203 -0.079989 -0.056325
vn -0.995203 -0.079989 -0.056325
vn -0.956995 -0.237350 -0.166811
vn -0.956995 -0.237350 -0.166811
vn -0.956995 -0.237350 -0.166811
vn -0.956995 -0.237350 -0.166811
vn -0.882010 -0.385590 -0.270887
vn -0.882010 -0.385590 -0.270887
vn -0.882010 -0.385590 -0.270887
vn -0.882010 -0.385590 -0.270887
vn -0.773129 -0.519011 -0.364552
vn -0.773129 -0.519011 -0.364552
vn -0.773129 -0.519011 -0.364552
vn -0.773129 -0.519011 -0.364552
vn -0.634539 -0.632487 -0.444208
vn -0.634539 -0.632487 -0.444208
vn -0.634539 -0.632487 -0.444208
vn -0.634539 -0.632487 -0.444208
vn -0.471562 -0.721658 -0.506793
vn -0.471562 -0.721658 -0.506793
vn -0.471562 -0.721658 -0.506793
vn -0.471562 -0.721658 -0.506793
vn -0.290464 -0.783095 -0.549903
vn -0.290464 -0.783095 -0.549903
vn -0.290464 -0.783095 -0.549903
vn -0.290464 -0.783095 -0.549903
vn -0.098204 -0.814438 -0.571880
vn -0.098204 -0.814438 -0.571880
vn -0.098204 -0.814438 -0.571880
vn -0.098204 -0.814438 -0.571880
vn 0.097665 -0.778838 -0.619574
vn 0.097665 -0.778838 -0.619574
vn 0.097665 -0.778838 -0.619574
vn 0.097665 -0.778838 -0.619574
vn 0.289613 -0.748150 -0.596989
vn 0.289613 -0.748150 -0.596989
vn 0.289613 -0.748150 -0.596989
vn 0.289613 -0.748150 -0.596989
vn 0.470509 -0.688794 -0.551529
vn 0.470509 -0.688794 -0.551529
vn 0.470509 -0.688794 -0.551529
vn 0.470509 -0.688794 -0.551529
vn 0.633449 -0.603003 -0.484902
vn 0.633449 -0.603003 -0.484902
vn 0.633449 -0.603003 -0.484902
vn 0.633449 -0.603003 -0.484902
vn 0.772173 -0.494014 -0.399623
vn 0.772173 -0.494014 -0.399623
vn 0.772173 -0.494014 -0.399623
vn 0.772173 -0.494014 -0.399623
vn 0.881314 -0.365964 -0.298926
vn 0.881314 -0.365964 -0.298926
vn 0.881314 -0.365964 -0.298926
vn 0.881314 -0.365964 -0.298926
vn 0.956606 -0.223747 -0.186660
vn 0.956606 -0.223747 -0.186660
vn 0.956606 -0.223747 -0.186660
vn 0.956606 -0.223747 -0.186660
vn 0.995081 -0.072837 -0.067146
vn 0.995081 -0.072837 -0.067146
vn 0.995081 -0.072837 -0.067146
vn 0.995081 -0.072837 -0.067146
vn 0.995202 0.080925 0.054993
vn 0.995202 0.080925 0.054993
vn 0.995202 0.080925 0.054993
vn 0.995202 0.080925 0.054993
vn 0.956945 0.231572 0.175014
vn 0.956945 0.231572 0.175014
vn 0.956945 0.231572 0.175014
vn 0.956945 0.231572 0.175014
vn 0.881807 0.373258 0.288263
vn 0.881807 0.373258 0.288263
vn 0.881807 0.373258 0.288263
vn 0.881807 0.373258 0.288263
vn 0.772735 0.500502 0.390356
vn 0.772735 0.500502 0.390356
vn 0.772735 0.500502 0.390356
vn 0.772735 0.500502 0.390356
vn 0.634000 0.608411 0.477368
vn 0.634000 0.608411 0.477368
vn 0.634000 0.608411 0.477368
vn 0.634000 0.608411 0.477368
vn 0.470998 0.692870 0.545978
vn 0.470998 0.692870 0.545978
vn 0.470998 0.692870 0.545978
vn 0.470998 0.692870 0.545978
vn 0.290027 0.750687 0.593593
vn 0.290027 0.750687 0.593593
vn 0.290027 0.750687 0.593593
vn 0.290027 0.750687 0.593593
vn 0.098031 0.779700 0.618432
vn 0.098031 0.779700 0.618432
vn 0.098031 0.779700 0.618432
vn 0.098031 0.779700 0.618432
vn -0.097666 0.778838 0.619574
vn -0.097666 0.778838 0.619574
vn -0.097666 0.778838 0.619574
vn -0.097666 0.778838 0.619574
vn -0.289612 0.748150 0.596989
vn -0.289612 0.748150 0.596989
vn -0.289612 0.748150 0.596989
vn -0.289612 0.748150 0.596989
vn -0.470510 0.688794 0.551528
vn -0.470510 0.688794 0.551528
vn -0.470510 0.688794 0.551528
vn -0.470510 0.688794 0.551528
vn -0.633448 0.603003 0.484902
vn -0.633448 0.603003 0.484902
vn -0.633448 0.603003 0.484902
vn -0.633448 0.603003 0.484902
vn -0.772173 0.494014 0.399623
vn -0.772173 0.494014 0.399623
vn -0.772173 0.494014 0.399623
vn -0.772173 0.494014 0.399623
vn -0.881314 0.365963 0.298926
vn -0.881314 0.365963 0.298926
vn -0.881314 0.365963 0.298926
vn -0.881314 0.365963 0.298926
vn -0.956606 0.223746 0.186660
vn -0.956606 0.223746 0.186660
vn -0.956606 0.223746 0.186660
vn -0.956606 0.223746 0.186660
vn -0.995081 0.072838 0.067146
vn -0.995081 0.072838 0.067146
vn -0.995081 0.072838 0.067146
vn -0.995081 0.072838 0.067146
vn -0.995202 -0.080926 -0.054993
vn -0.995202 -0.080926 -0.054993
vn -0.995202 -0.080926 -0.054993
vn -0.995202 -0.080926 -0.054993
vn -0.956945 -0.231572 -0.175014
vn -0.956945 -0.231572 -0.175014
vn -0.956945 -0.231572 -0.175014
vn -0.956945 -0.231572 -0.175014
vn -0.881806 -0.373258 -0.288263
vn -0.881806 -0.373258 -0.288263
vn -0.881806 -0.373258 -0.288263
vn -0.881806 -0.373258 -0.288263
vn -0.772735 -0.500502 -0.390356
vn -0.772735 -0.500502 -0.390356
vn -0.772735 -0.500502 -0.390356
vn -0.772735 -0.500502 -0.390356
vn -0.634000 -0.608411 -0.477368
vn -0.634000 -0.608411 -0.477368
vn -0.634000 -0.608411 -0.477368
vn -0.634000 -0.608411 -0.477368
vn -0.470998 -0.692870 -0.545978
vn -0.470998 -0.692870 -0.545978
vn -0.470998 -0.692870 -0.545978
vn -0.470998 -0.692870 -0.545978
vn 0.772892 -0.519365 -0.364552
vn 0.772892 -0.519365 -0.364552
vn 0.772892 -0.519365 -0.364552
vn 0.772892 -0.519365 -0.364552
vn -0.290027 -0.750687 -0.593594
vn -0.290027 -0.750687 -0.593594
vn -0.290027 -0.750687 -0.593594
vn -0.290027 -0.750687 -0.593594
vn -0.098031 -0.779700 -0.618432
vn -0.098031 -0.779700 -0.618432
vn -0.098031 -0.779700 -0.618432
vn -0.098031 -0.779700 -0.618432
vn 0.471562 0.721657 0.506793
vn 0.471562 0.721657 0.506793
vn 0.471562 0.721657 0.506793
vn 0.471562 0.721657 0.506793
vn -0.956886 0.237788 0.166811
vn -0.956886 0.237788 0.166811
vn -0.956886 0.237788 0.166811
vn -0.956886 0.237788 0.166811
vn 0.097831 -0.814483 -0.571880
vn 0.097831 -0.814483 -0.571880
vn 0.097831 -0.814483 -0.571880
vn 0.097831 -0.814483 -0.571880
vn -0.098204 -0.814438 -0.571880
vn -0.098204 -0.814438 -0.571880
vn -0.098204 -0.814438 -0.571880
vn -0.098204 -0.814438 -0.571880
vn 0.956995 0.237350 0.166811
vn 0.956995 0.237350 0.166811
vn 0.956995 0.237350 0.166811
vn 0.956995 0.237350 0.166811
vn -0.471232 0.721873 0.506793
vn -0.471232 0.721873 0.506793
vn -0.471232 0.721873 0.506793
vn -0.471232 0.721873 0.506793
vn -0.773129 -0.519011 -0.364552
vn -0.773129 -0.519011 -0.364552
vn -0.773129 -0.519011 -0.364552
vn -0.773129 -0.519011 -0.364552
vn 0.881833 -0.385994 -0.270887
vn 0.881833 -0.385994 -0.270887
vn 0.881833 -0.385994 -0.270887
vn 0.881833 -0.385994 -0.270887
vn 0.290464 0.783095 0.549903
vn 0.290464 0.783095 0.549903
vn 0.290464 0.783095 0.549903
vn 0.290464 0.783095 0.549903
vn -0.995166 0.080446 0.056325
vn -0.995166 0.080446 0.056325
vn -0.995166 0.080446 0.056325
vn -0.995166 0.080446 0.056325
vn 0.290105 -0.783228 -0.549903
vn 0.290105 -0.783228 -0.549903
vn 0.290105 -0.783228 -0.549903
vn 0.290105 -0.783228 -0.549903
vn 0.882010 0.385590 0.270887
vn 0.882010 0.385590 0.270887
vn 0.882010 0.385590 0.270887
vn 0.882010 0.385590 0.270887
vn -0.634248 0.632778 0.444208
vn -0.634248 0.632778 0.444208
vn -0.634248 0.632778 0.444208
vn -0.634248 0.632778 0.444208
vn -0.634538 -0.632487 -0.444208
vn -0.634538 -0.632487 -0.444208
vn -0.634538 -0.632487 -0.444208
vn -0.634538 -0.632487 -0.444208
vn 0.956886 -0.237789 -0.166811
vn 0.956886 -0.237789 -0.166811
vn 0.956886 -0.237789 -0.166811
vn 0.956886 -0.237789 -0.166811
vn 0.098204 0.814438 0.571880
vn 0.098204 0.814438 0.571880
vn 0.098204 0.814438 0.571880
vn 0.098204 0.814438 0.571880
vn -0.995203 -0.079989 -0.056325
vn -0.995203 -0.079989 -0.056325
vn -0.995203 -0.079989 -0.056325
vn -0.995203 -0.079989 -0.056325
vn 0.471232 -0.721873 -0.506793
vn 0.471232 -0.721873 -0.506793
vn 0.471232 -0.721873 -0.506793
vn 0.471232 -0.721873 -0.506793
vn 0.773129 0.519011 0.364553
vn 0.773129 0.519011 0.364553
vn 0.773129 0.519011 0.364553
vn 0.773129 0.519011 0.364553
vn -0.772891 0.519366 0.364552
vn -0.772891 0.519366 0.364552
vn -0.772891 0.519366 0.364552
vn -0.772891 0.519366 0.364552
vn -0.471562 -0.721657 -0.506793
vn -0.471562 -0.721657 -0.506793
vn -0.471562 -0.721657 -0.506793
vn -0.471562 -0.721657 -0.506793
vn 0.995166 -0.080446 -0.056325
vn 0.995166 -0.080446 -0.056325
vn 0.995166 -0.080446 -0.056325
vn 0.995166 -0.080446 -0.056325
vn -0.097830 0.814483 0.571880
vn -0.097830 0.814483 0.571880
vn -0.097830 0.814483 0.571880
vn -0.097830 0.814483 0.571880
vn -0.956994 -0.237351 -0.166812
vn -0.956994 -0.237351 -0.166812
vn -0.956994 -0.237351 -0.166812
vn -0.956994 -0.237351 -0.166812
vn 0.634248 -0.632778 -0.444208
vn 0.634248 -0.632778 -0.444208
vn 0.634248 -0.632778 -0.444208
vn 0.634248 -0.632778 -0.444208
vn 0.634538 0.632487 0.444208
vn 0.634538 0.632487 0.444208
vn 0.634538 0.632487 0.444208
vn 0.634538 0.632487 0.444208
vn -0.881833 0.385994 0.270887
vn -0.881833 0.385994 0.270887
vn -0.881833 0.385994 0.270887
vn -0.881833 0.385994 0.270887
vn -0.290464 -0.783095 -0.549903
vn -0.290464 -0.783095 -0.549903
vn -0.290464 -0.783095 -0.549903
vn -0.290464 -0.783095 -0.549903
vn 0.995203 0.079990 0.056326
vn 0.995203 0.079990 0.056326
vn 0.995203 0.079990 0.056326
vn 0.995203 0.079990 0.056326
vn -0.290105 0.783228 0.549903
vn -0.290105 0.783228 0.549903
vn -0.290105 0.783228 0.549903
vn -0.290105 0.783228 0.549903
vn -0.882010 -0.385589 -0.270887
vn -0.882010 -0.385589 -0.270887
vn -0.882010 -0.385589 -0.270887
vn -0.882010 -0.385589 -0.270887
vn 0.000132 0.574647 -0.818401
vn 0.000132 0.574647 -0.818401
vn 0.000132 0.574647 -0.818401
vn 0.000132 0.574647 -0.818401
vn 0.000132 0.574647 -0.818401
vn 0.000132 0.574647 -0.818401
vn 0.000132 0.574647 -0.818401
vn 0.000132 0.574647 -0.818401
vn 0.000132 0.574647 -0.818401
vn 0.000132 0.574647 -0.818401
vn 0.000132 0.574647 -0.818401
vn 0.000132 0.574647 -0.818401
vn 0.000132 0.574647 -0.818401
vn 0.000132 0.574647 -0.818401
vn 0.000132 0.574647 -0.818401
vn 0.000132 0.574647 -0.818401
vn 0.000132 0.574647 -0.818401
vn 0.000132 0.574647 -0.818401
vn 0.000132 0.574647 -0.818401
vn 0.000132 0.574647 -0.818401
vn 0.000132 0.574647 -0.818401
vn 0.000132 0.574647 -0.818401
vn 0.000132 0.574647 -0.818401
vn 0.000132 0.574647 -0.818401
vn 0.000132 0.574647 -0.818401
vn 0.000132 0.574647 -0.818401
vn 0.000132 0.574647 -0.818401
vn 0.000132 0.574647 -0.818401
vn 0.000132 0.574647 -0.818401
vn 0.000132 0.574647 -0.818401
vn 0.000132 0.574647 -0.818401
vn 0.000132 0.574647 -0.818401
vn -0.000132 -0.574647 0.818401
vn -0.000132 -0.574647 0.818401
vn -0.000132 -0.574647 0.818401
vn -0.000132 -0.574647 0.818401
vn -0.000132 -0.574647 0.818401
vn -0.000132 -0.574647 0.818401
vn -0.000132 -0.574647 0.818401
vn -0.000132 -0.574647 0.818401
vn -0.000132 -0.574647 0.818401
vn -0.000132 -0.574647 0.818401
vn -0.000132 -0.574647 0.818401
vn -0.000132 -0.574647 0.818401
vn -0.000132 -0.574647 0.818401
vn -0.000132 -0.574647 0.818401
vn -0.000132 -0.574647 0.818401
vn -0.000132 -0.574647 0.818401
vn -0.000132 -0.574647 0.818401
vn -0.000132 -0.574647 0.818401
vn -0.000132 -0.574647 0.818401
vn -0.000132 -0.574647 0.818401
vn -0.000132 -0.574647 0.818401
vn -0.000132 -0.574647 0.818401
vn -0.000132 -0.574647 0.818401
vn -0.000132 -0.574647 0.818401
vn -0.000132 -0.574647 0.818401
vn -0.000132 -0.574647 0.818401
vn -0.000132 -0.574647 0.818401
vn -0.000132 -0.574647 0.818401
vn -0.000132 -0.574647 0.818401
vn -0.000132 -0.574647 0.818401
vn -0.000132 -0.574647 0.818401
vn -0.000132 -0.574647 0.818401
vn 0.000132 0.574647 -0.818401
vn 0.000132 0.574647 -0.818401
vn 0.000132 0.574647 -0.818401
vn 0.000132 0.574647 -0.818401
vn 0.000132 0.574647 -0.818401
vn 0.000132 0.574647 -0.818401
vn 0.000132 0.574647 -0.818401
vn 0.000132 0.574647 -0.818401
vn 0.000132 0.574647 -0.818401
vn 0.000132 0.574647 -0.818401
vn 0.000132 0.574647 -0.818401
vn 0.000132 0.574647 -0.818401
vn 0.000132 0.574647 -0.818401
vn 0.000132 0.574647 -0.818401
vn 0.000132 0.574647 -0.818401
vn 0.000132 0.574647 -0.818401
vn 0.000132 0.574647 -0.818401
vn 0.000132 0.574647 -0.818401
vn 0.000132 0.574647 -0.818401
vn 0.000132 0.574647 -0.818401
vn 0.000132 0.574647 -0.818401
vn 0.000132 0.574647 -0.818401
vn 0.000132 0.574647 -0.818401
vn 0.000132 0.574647 -0.818401
vn 0.000132 0.574647 -0.818401
vn 0.000132 0.574647 -0.818401
vn 0.000132 0.574647 -0.818401
vn 0.000132 0.574647 -0.818401
vn 0.000132 0.574647 -0.818401
vn 0.000132 0.574647 -0.818401
vn 0.000132 0.574647 -0.818401
vn 0.000132 0.574647 -0.818401
vn -0.000132 -0.574647 0.818401
vn -0.000132 -0.574647 0.818401
vn -0.000132 -0.574647 0.818401
vn -0.000132 -0.574647 0.818401
vn -0.000132 -0.574647 0.818401
vn -0.000132 -0.574647 0.818401
vn -0.000132 -0.574647 0.818401
vn -0.000132 -0.574647 0.818401
vn -0.000132 -0.574647 0.818401
vn -0.000132 -0.574647 0.818401
vn -0.000132 -0.574647 0.818401
vn -0.000132 -0.574647 0.818401
vn -0.000132 -0.574647 0.818401
vn -0.000132 -0.574647 0.818401
vn -0.000132 -0.574647 0.818401
vn -0.000132 -0.574647 0.818401
vn -0.000132 -0.574647 0.818401
vn -0.000132 -0.574647 0.818401
vn -0.000132 -0.574647 0.818401
vn -0.000132 -0.574647 0.818401
vn -0.000132 -0.574647 0.818401
vn -0.000132 -0.574647 0.818401
vn -0.000132 -0.574647 0.818401
vn -0.000132 -0.574647 0.818401
vn -0.000132 -0.574647 0.818401
vn -0.000132 -0.574647 0.818401
vn -0.000132 -0.574647 0.818401
vn -0.000132 -0.574647 0.818401
vn -0.000132 -0.574647 0.818401
vn -0.000132 -0.574647 0.818401
vn -0.000132 -0.574647 0.818401
vn -0.000132 -0.574647 0.818401
vn 0.000132 0.574647 -0.818401
vn 0.000132 0.574647 -0.818401
vn 0.000132 0.574647 -0.818401
vn 0.000132 0.574647 -0.818401
vn 0.000132 0.574647 -0.818401
vn 0.000132 0.574647 -0.818401
vn 0.000132 0.574647 -0.818401
vn 0.000132 0.574647 -0.818401
vn 0.000132 0.574647 -0.818401
vn 0.000132 0.574647 -0.818401
vn 0.000132 0.574647 -0.818401
vn 0.000132 0.574647 -0.818401
vn 0.000132 0.574647 -0.818401
vn 0.000132 0.574647 -0.818401
vn 0.000132 0.574647 -0.818401
vn 0.000132 0.574647 -0.818401
vn 0.000132 0.574647 -0.818401
vn 0.000132 0.574647 -0.818401
vn 0.000132 0.574647 -0.818401
vn 0.000132 0.574647 -0.818401
vn 0.000132 0.574647 -0.818401
vn 0.000132 0.574647 -0.818401
vn 0.000132 0.574647 -0.818401
vn 0.000132 0.574647 -0.818401
vn 0.000132 0.574647 -0.818401
vn 0.000132 0.574647 -0.818401
vn 0.000132 0.574647 -0.818401
vn 0.000132 0.574647 -0.818401
vn 0.000132 0.574647 -0.818401
vn 0.000132 0.574647 -0.818401
vn 0.000132 0.574647 -0.818401
vn 0.000132 0.574647 -0.818401
vt 0.375000 1.000000
vt 0.625000 1.000000
vt 0.625000 0.750000
vt 0.375000 0.750000
vt 0.375000 0.750000
vt 0.625000 0.750000
vt 0.625000 0.500000
vt 0.375000 0.500000
vt 0.375000 0.500000
vt 0.625000 0.500000
vt 0.625000 0.250000
vt 0.375000 0.250000
vt 0.375000 0.250000
vt 0.625000 0.250000
vt 0.625000 0.000000
vt 0.375000 0.000000
vt 0.125000 0.500000
vt 0.375000 0.500000
vt 0.375000 0.250000
vt 0.125000 0.250000
vt 0.625000 0.500000
vt 0.875000 0.500000
vt 0.875000 0.250000
vt 0.625000 0.250000
vt 0.000000 0.000000
vt 0.017857 0.000000
vt 0.017857 0.062500
vt 0.000000 0.062500
vt 0.000000 0.937500
vt 0.017857 0.937500
vt 0.017857 1.000000
vt 0.000000 1.000000
vt 0.000000 0.875000
vt 0.017857 0.875000
vt 0.000000 0.812500
vt 0.017857 0.812500
vt 0.000000 0.750000
vt 0.017857 0.750000
vt 0.000000 0.687500
vt 0.017857 0.687500
vt 0.000000 0.625000
vt 0.017857 0.625000
vt 0.000000 0.562500
vt 0.017857 0.562500
vt 0.000000 0.500000
vt 0.017857 0.500000
vt 0.000000 0.437500
vt 0.017857 0.437500
vt 0.000000 0.375000
vt 0.017857 0.375000
vt 0.000000 0.312500
vt 0.017857 0.312500
vt 0.000000 0.250000
vt 0.017857 0.250000
vt 0.000000 0.187500
vt 0.017857 0.187500
vt 0.000000 0.125000
vt 0.017857 0.125000
vt 0.035714 0.000000
vt 0.035714 0.062500
vt 0.035714 0.937500
vt 0.035714 1.000000
vt 0.035714 0.875000
vt 0.035714 0.812500
vt 0.035714 0.750000
vt 0.035714 0.687500
vt 0.035714 0.625000
vt 0.035714 0.562500
vt 0.035714 0.500000
vt 0.035714 0.437500
vt 0.035714 0.375000
vt 0.035714 0.312500
vt 0.035714 0.250000
vt 0.035714 0.187500
vt 0.035714 0.125000
vt 0.053571 0.000000
vt 0.053571 0.062500
vt 0.053571 0.937500
vt 0.053571 1.000000
vt 0.053571 0.875000
vt 0.053571 0.812500
vt 0.053571 0.750000
vt 0.053571 0.687500
vt 0.053571 0.625000
vt 0.053571 0.562500
vt 0.053571 0.500000
vt 0.053571 0.437500
vt 0.053571 0.375000
vt 0.053571 0.312500
vt 0.053571 0.250000
vt 0.053571 0.187500
vt 0.053571 0.125000
vt 0.071429 0.000000
vt 0.071429 0.062500
vt 0.071429 0.937500
vt 0.071429 1.000000
vt 0.071429 0.875000
vt 0.071429 0.812500
vt 0.071429 0.750000
vt 0.071429 0.687500
vt 0.071429 0.625000
vt 0.071429 0.562500
vt 0.071429 0.500000
vt 0.071429 0.437500
vt 0.071429 0.375000
vt 0.071429 0.312500
vt 0.071429 0.250000
vt 0.071429 0.187500
vt 0.071429 0.125000
vt 0.089286 0.000000
vt 0.089286 0.062500
vt 0.089286 0.937500
vt 0.089286 1.000000
vt 0.089286 0.875000
vt 0.089286 0.812500
vt 0.089286 0.750000
vt 0.089286 0.687500
vt 0.089286 0.625000
vt 0.089286 0.562500
vt 0.089286 0.500000
vt 0.089286 0.437500
vt 0.089286 0.375000
vt 0.089286 0.312500
vt 0.089286 0.250000
vt 0.089286 0.187500
vt 0.089286 0.125000
vt 0.107143 0.000000
vt 0.107143 0.062500
vt 0.107143 0.937500
vt 0.107143 1.000000
vt 0.107143 0.875000
vt 0.107143 0.812500
vt 0.107143 0.750000
vt 0.107143 0.687500
vt 0.107143 0.625000
vt 0.107143 0.562500
vt 0.107143 0.500000
vt 0.107143 0.437500
vt 0.107143 0.375000
vt 0.107143 0.312500
vt 0.107143 0.250000
vt 0.107143 0.187500
vt 0.107143 0.125000
vt 0.125000 0.000000
vt 0.125000 0.062500
vt 0.125000 0.937500
vt 0.125000 1.000000
vt 0.125000 0.875000
vt 0.125000 0.812500
vt 0.125000 0.750000
vt 0.125000 0.687500
vt 0.125000 0.625000
vt 0.125000 0.562500
vt 0.125000 0.500000
vt 0.125000 0.437500
vt 0.125000 0.375000
vt 0.125000 0.312500
vt 0.125000 0.250000
vt 0.125000 0.187500
vt 0.125000 0.125000
vt 0.142857 0.000000
vt 0.142857 0.062500
vt 0.142857 0.937500
vt 0.142857 1.000000
vt 0.142857 0.875000
vt 0.142857 0.812500
vt 0.142857 0.750000
vt 0.142857 0.687500
vt 0.142857 0.625000
vt 0.142857 0.562500
vt 0.142857 0.500000
vt 0.142857 0.437500
vt 0.142857 0.375000
vt 0.142857 0.312500
vt 0.142857 0.250000
vt 0.142857 0.187500
vt 0.142857 0.125000
vt 0.160714 0.000000
vt 0.160714 0.062500
vt 0.160714 0.937500
vt 0.160714 1.000000
vt 0.160714 0.875000
vt 0.160714 0.812500
vt 0.160714 0.750000
vt 0.160714 0.687500
vt 0.160714 0.625000
vt 0.160714 0.562500
vt 0.160714 0.500000
vt 0.160714 0.437500
vt 0.160714 0.375000
vt 0.160714 0.312500
vt 0.160714 0.250000
vt 0.160714 0.187500
vt 0.160714 0.125000
vt 0.178571 0.000000
vt 0.178571 0.062500
vt 0.178571 0.937500
vt 0.178571 1.000000
vt 0.178571 0.875000
vt 0.178571 0.812500
vt 0.178571 0.750000
vt 0.178571 0.687500
vt 0.178571 0.625000
vt 0.178571 0.562500
vt 0.178571 0.500000
vt 0.178571 0.437500
vt 0.178571 0.375000
vt 0.178571 0.312500
vt 0.178571 0.250000
vt 0.178571 0.187500
vt 0.178571 0.125000
vt 0.196429 0.000000
vt 0.196429 0.062500
vt 0.196429 0.937500
vt 0.196429 1.000000
vt 0.196429 0.875000
vt 0.196429 0.812500
vt 0.196429 0.750000
vt 0.196429 0.687500
vt 0.196429 0.625000
vt 0.196429 0.562500
vt 0.196429 0.500000
vt 0.196429 0.437500
vt 0.196429 0.375000
vt 0.196429 0.312500
vt 0.196429 0.250000
vt 0.196429 0.187500
vt 0.196429 0.125000
vt 0.214286 0.000000
vt 0.214286 0.062500
vt 0.214286 0.937500
vt 0.214286 1.000000
vt 0.214286 0.875000
vt 0.214286 0.812500
vt 0.214286 0.750000
vt 0.214286 0.687500
vt 0.214286 0.625000
vt 0.214286 0.562500
vt 0.214286 0.500000
vt 0.214286 0.437500
vt 0.214286 0.375000
vt 0.214286 0.312500
vt 0.214286 0.250000
vt 0.214286 0.187500
vt 0.214286 0.125000
vt 0.232143 0.000000
vt 0.232143 0.062500
vt 0.232143 0.937500
vt 0.232143 1.000000
vt 0.232143 0.875000
vt 0.232143 0.812500
vt 0.232143 0.750000
vt 0.232143 0.687500
vt 0.232143 0.625000
vt 0.232143 0.562500
vt 0.232143 0.500000
vt 0.232143 0.437500
vt 0.232143 0.375000
vt 0.232143 0.312500
vt 0.232143 0.250000
vt 0.232143 0.187500
vt 0.232143 0.125000
vt 0.250000 0.000000
vt 0.250000 0.062500
vt 0.250000 0.937500
vt 0.250000 1.000000
vt 0.250000 0.875000
vt 0.250000 0.812500
vt 0.250000 0.750000
vt 0.250000 0.687500
vt 0.250000 0.625000
vt 0.250000 0.562500
vt 0.250000 0.500000
vt 0.250000 0.437500
vt 0.250000 0.375000
vt 0.250000 0.312500
vt 0.250000 0.250000
vt 0.250000 0.187500
vt 0.250000 0.125000
vt 0.267857 0.000000
vt 0.267857 0.062500
vt 0.267857 0.937500
vt 0.267857 1.000000
vt 0.267857 0.875000
vt 0.267857 0.812500
vt 0.267857 0.750000
vt 0.267857 0.687500
vt 0.267857 0.625000
vt 0.267857 0.562500
vt 0.267857 0.500000
vt 0.267857 0.437500
vt 0.267857 0.375000
vt 0.267857 0.312500
vt 0.267857 0.250000
vt 0.267857 0.187500
vt 0.267857 0.125000
vt 0.285714 0.000000
vt 0.285714 0.062500
vt 0.285714 0.937500
vt 0.285714 1.000000
vt 0.285714 0.875000
vt 0.285714 0.812500
vt 0.285714 0.750000
vt 0.285714 0.687500
vt 0.285714 0.625000
vt 0.285714 0.562500
vt 0.285714 0.500000
vt 0.285714 0.437500
vt 0.285714 0.375000
vt 0.285714 0.312500
vt 0.285714 0.250000
vt 0.285714 0.187500
vt 0.285714 0.125000
vt 0.303571 0.000000
vt 0.303571 0.062500
vt 0.303571 0.937500
vt 0.303571 1.000000
vt 0.303571 0.875000
vt 0.303571 0.812500
vt 0.303571 0.750000
vt 0.303571 0.687500
vt 0.303571 0.625000
vt 0.303571 0.562500
vt 0.303571 0.500000
vt 0.303571 0.437500
vt 0.303571 0.375000
vt 0.303571 0.312500
vt 0.303571 0.250000
vt 0.303571 0.187500
vt 0.303571 0.125000
vt 0.321429 0.000000
vt 0.321429 0.062500
vt 0.321429 0.937500
vt 0.321429 1.000000
vt 0.321429 0.875000
vt 0.321429 0.812500
vt 0.321429 0.750000
vt 0.321429 0.687500
vt 0.321429 0.625000
vt 0.321429 0.562500
vt 0.321429 0.500000
vt 0.321429 0.437500
vt 0.321429 0.375000
vt 0.321429 0.312500
vt 0.321429 0.250000
vt 0.321429 0.187500
vt 0.321429 0.125000
vt 0.339286 0.000000
vt 0.339286 0.062500
vt 0.339286 0.937500
vt 0.339286 1.000000
vt 0.339286 0.875000
vt 0.339286 0.812500
vt 0.339286 0.750000
vt 0.339286 0.687500
vt 0.339286 0.625000
vt 0.339286 0.562500
vt 0.339286 0.500000
vt 0.339286 0.437500
vt 0.339286 0.375000
vt 0.339286 0.312500
vt 0.339286 0.250000
vt 0.339286 0.187500
vt 0.339286 0.125000
vt 0.357143 0.000000
vt 0.357143 0.062500
vt 0.357143 0.937500
vt 0.357143 1.000000
vt 0.357143 0.875000
vt 0.357143 0.812500
vt 0.357143 0.750000
vt 0.357143 0.687500
vt 0.357143 0.625000
vt 0.357143 0.562500
vt 0.357143 0.500000
vt 0.357143 0.437500
vt 0.357143 0.375000
vt 0.357143 0.312500
vt 0.357143 0.250000
vt 0.357143 0.187500
vt 0.357143 0.125000
vt 0.375000 0.000000
vt 0.375000 0.062500
vt 0.375000 0.937500
vt 0.375000 1.000000
vt 0.375000 0.875000
vt 0.375000 0.812500
vt 0.375000 0.750000
vt 0.375000 0.687500
vt 0.375000 0.625000
vt 0.375000 0.562500
vt 0.375000 0.500000
vt 0.375000 0.437500
vt 0.375000 0.375000
vt 0.375000 0.312500
vt 0.375000 0.250000
vt 0.375000 0.187500
vt 0.375000 0.125000
vt 0.392857 0.000000
vt 0.392857 0.062500
vt 0.392857 0.937500
vt 0.392857 1.000000
vt 0.392857 0.875000
vt 0.392857 0.812500
vt 0.392857 0.750000
vt 0.392857 0.687500
vt 0.392857 0.625000
vt 0.392857 0.562500
vt 0.392857 0.500000
vt 0.392857 0.437500
vt 0.392857 0.375000
vt 0.392857 0.312500
vt 0.392857 0.250000
vt 0.392857 0.187500
vt 0.392857 0.125000
vt 0.410714 0.000000
vt 0.410714 0.062500
vt 0.410714 0.937500
vt 0.410714 1.000000
vt 0.410714 0.875000
vt 0.410714 0.812500
vt 0.410714 0.750000
vt 0.410714 0.687500
vt 0.410714 0.625000
vt 0.410714 0.562500
vt 0.410714 0.500000
vt 0.410714 0.437500
vt 0.410714 0.375000
vt 0.410714 0.312500
vt 0.410714 0.250000
vt 0.410714 0.187500
vt 0.410714 0.125000
vt 0.428571 0.000000
vt 0.428571 0.062500
vt 0.428571 0.937500
vt 0.428571 1.000000
vt 0.428571 0.875000
vt 0.428571 0.812500
vt 0.428571 0.750000
vt 0.428571 0.687500
vt 0.428571 0.625000
vt 0.428571 0.562500
vt 0.428571 0.500000
vt 0.428571 0.437500
vt 0.428571 0.375000
vt 0.428571 0.312500
vt 0.428571 0.250000
vt 0.428571 0.187500
vt 0.428571 0.125000
vt 0.446429 0.000000
vt 0.446429 0.062500
vt 0.446429 0.937500
vt 0.446429 1.000000
vt 0.446429 0.875000
vt 0.446429 0.812500
vt 0.446429 0.750000
vt 0.446429 0.687500
vt 0.446429 0.625000
vt 0.446429 0.562500
vt 0.446429 0.500000
vt 0.446429 0.437500
vt 0.446429 0.375000
vt 0.446429 0.312500
vt 0.446429 0.250000
vt 0.446429 0.187500
vt 0.446429 0.125000
vt 0.464286 0.000000
vt 0.464286 0.062500
vt 0.464286 0.937500
vt 0.464286 1.000000
vt 0.464286 0.875000
vt 0.464286 0.812500
vt 0.464286 0.750000
vt 0.464286 0.687500
vt 0.464286 0.625000
vt 0.464286 0.562500
vt 0.464286 0.500000
vt 0.464286 0.437500
vt 0.464286 0.375000
vt 0.464286 0.312500
vt 0.464286 0.250000
vt 0.464286 0.187500
vt 0.464286 0.125000
vt 0.482143 0.000000
vt 0.482143 0.062500
vt 0.482143 0.937500
vt 0.482143 1.000000
vt 0.482143 0.875000
vt 0.482143 0.812500
vt 0.482143 0.750000
vt 0.482143 0.687500
vt 0.482143 0.625000
vt 0.482143 0.562500
vt 0.482143 0.500000
vt 0.482143 0.437500
vt 0.482143 0.375000
vt 0.482143 0.312500
vt 0.482143 0.250000
vt 0.482143 0.187500
vt 0.482143 0.125000
vt 0.500000 0.000000
vt 0.500000 0.062500
vt 0.500000 0.937500
vt 0.500000 1.000000
vt 0.500000 0.875000
vt 0.500000 0.812500
vt 0.500000 0.750000
vt 0.500000 0.687500
vt 0.500000 0.625000
vt 0.500000 0.562500
vt 0.500000 0.500000
vt 0.500000 0.437500
vt 0.500000 0.375000
vt 0.500000 0.312500
vt 0.500000 0.250000
vt 0.500000 0.187500
vt 0.500000 0.125000
vt 0.517857 0.000000
vt 0.517857 0.062500
vt 0.517857 0.937500
vt 0.517857 1.000000
vt 0.517857 0.875000
vt 0.517857 0.812500
vt 0.517857 0.750000
vt 0.517857 0.687500
vt 0.517857 0.625000
vt 0.517857 0.562500
vt 0.517857 0.500000
vt 0.517857 0.437500
vt 0.517857 0.375000
vt 0.517857 0.312500
vt 0.517857 0.250000
vt 0.517857 0.187500
vt 0.517857 0.125000
vt 0.535714 0.000000
vt 0.535714 0.062500
vt 0.535714 0.937500
vt 0.535714 1.000000
vt 0.535714 0.875000
vt 0.535714 0.812500
vt 0.535714 0.750000
vt 0.535714 0.687500
vt 0.535714 0.625000
vt 0.535714 0.562500
vt 0.535714 0.500000
vt 0.535714 0.437500
vt 0.535714 0.375000
vt 0.535714 0.312500
vt 0.535714 0.250000
vt 0.535714 0.187500
vt 0.535714 0.125000
vt 0.553571 0.000000
vt 0.553571 0.062500
vt 0.553571 0.937500
vt 0.553571 1.000000
vt 0.553571 0.875000
vt 0.553571 0.812500
vt 0.553571 0.750000
vt 0.553571 0.687500
vt 0.553571 0.625000
vt 0.553571 0.562500
vt 0.553571 0.500000
vt 0.553571 0.437500
vt 0.553571 0.375000
vt 0.553571 0.312500
vt 0.553571 0.250000
vt 0.553571 0.187500
vt 0.553571 0.125000
vt 0.571429 0.000000
vt 0.571429 0.062500
vt 0.571429 0.937500
vt 0.571429 1.000000
vt 0.571429 0.875000
vt 0.571429 0.812500
vt 0.571429 0.750000
vt 0.571429 0.687500
vt 0.571429 0.625000
vt 0.571429 0.562500
vt 0.571429 0.500000
vt 0.571429 0.437500
vt 0.571429 0.375000
vt 0.571429 0.312500
vt 0.571429 0.250000
vt 0.571429 0.187500
vt 0.571429 0.125000
vt 0.589286 0.000000
vt 0.589286 0.062500
vt 0.589286 0.937500
vt 0.589286 1.000000
vt 0.589286 0.875000
vt 0.589286 0.812500
vt 0.589286 0.750000
vt 0.589286 0.687500
vt 0.589286 0.625000
vt 0.589286 0.562500
vt 0.589286 0.500000
vt 0.589286 0.437500
vt 0.589286 0.375000
vt 0.589286 0.312500
vt 0.589286 0.250000
vt 0.589286 0.187500
vt 0.589286 0.125000
vt 0.607143 0.000000
vt 0.607143 0.062500
vt 0.607143 0.937500
vt 0.607143 1.000000
vt 0.607143 0.875000
vt 0.607143 0.812500
vt 0.607143 0.750000
vt 0.607143 0.687500
vt 0.607143 0.625000
vt 0.607143 0.562500
vt 0.607143 0.500000
vt 0.607143 0.437500
vt 0.607143 0.375000
vt 0.607143 0.312500
vt 0.607143 0.250000
vt 0.607143 0.187500
vt 0.607143 0.125000
vt 0.625000 0.000000
vt 0.625000 0.062500
vt 0.625000 0.937500
vt 0.625000 1.000000
vt 0.625000 0.875000
vt 0.625000 0.812500
vt 0.625000 0.750000
vt 0.625000 0.687500
vt 0.625000 0.625000
vt 0.625000 0.562500
vt 0.625000 0.500000
vt 0.625000 0.437500
vt 0.625000 0.375000
vt 0.625000 0.312500
vt 0.625000 0.250000
vt 0.625000 0.187500
vt 0.625000 0.125000
vt 0.642857 0.000000
vt 0.642857 0.062500
vt 0.642857 0.937500
vt 0.642857 1.000000
vt 0.642857 0.875000
vt 0.642857 0.812500
vt 0.642857 0.750000
vt 0.642857 0.687500
vt 0.642857 0.625000
vt 0.642857 0.562500
vt 0.642857 0.500000
vt 0.642857 0.437500
vt 0.642857 0.375000
vt 0.642857 0.312500
vt 0.642857 0.250000
vt 0.642857 0.187500
vt 0.642857 0.125000
vt 0.660714 0.000000
vt 0.660714 0.062500
vt 0.660714 0.937500
vt 0.660714 1.000000
vt 0.660714 0.875000
vt 0.660714 0.812500
vt 0.660714 0.750000
vt 0.660714 0.687500
vt 0.660714 0.625000
vt 0.660714 0.562500
vt 0.660714 0.500000
vt 0.660714 0.437500
vt 0.660714 0.375000
vt 0.660714 0.312500
vt 0.660714 0.250000
vt 0.660714 0.187500
vt 0.660714 0.125000
vt 0.678571 0.000000
vt 0.678571 0.062500
vt 0.678571 0.937500
vt 0.678571 1.000000
vt 0.678571 0.875000
vt 0.678571 0.812500
vt 0.678571 0.750000
vt 0.678571 0.687500
vt 0.678571 0.625000
vt 0.678571 0.562500
vt 0.678571 0.500000
vt 0.678571 0.437500
vt 0.678571 0.375000
vt 0.678571 0.312500
vt 0.678571 0.250000
vt 0.678571 0.187500
vt 0.678571 0.125000
vt 0.696429 0.000000
vt 0.696429 0.062500
vt 0.696429 0.937500
vt 0.696429 1.000000
vt 0.696429 0.875000
vt 0.696429 0.812500
vt 0.696429 0.750000
vt 0.696429 0.687500
vt 0.696429 0.625000
vt 0.696429 0.562500
vt 0.696429 0.500000
vt 0.696429 0.437500
vt 0.696429 0.375000
vt 0.696429 0.312500
vt 0.696429 0.250000
vt 0.696429 0.187500
vt 0.696429 0.125000
vt 0.714286 0.000000
vt 0.714286 0.062500
vt 0.714286 0.937500
vt 0.714286 1.000000
vt 0.714286 0.875000
vt 0.714286 0.812500
vt 0.714286 0.750000
vt 0.714286 0.687500
vt 0.714286 0.625000
vt 0.714286 0.562500
vt 0.714286 0.500000
vt 0.714286 0.437500
vt 0.714286 0.375000
vt 0.714286 0.312500
vt 0.714286 0.250000
vt 0.714286 0.187500
vt 0.714286 0.125000
vt 0.732143 0.000000
vt 0.732143 0.062500
vt 0.732143 0.937500
vt 0.732143 1.000000
vt 0.732143 0.875000
vt 0.732143 0.812500
vt 0.732143 0.750000
vt 0.732143 0.687500
vt 0.732143 0.625000
vt 0.732143 0.562500
vt 0.732143 0.500000
vt 0.732143 0.437500
vt 0.732143 0.375000
vt 0.732143 0.312500
vt 0.732143 0.250000
vt 0.732143 0.187500
vt 0.732143 0.125000
vt 0.750000 0.000000
vt 0.750000 0.062500
vt 0.750000 0.937500
vt 0.750000 1.000000
vt 0.750000 0.875000
vt 0.750000 0.812500
vt 0.750000 0.750000
vt 0.750000 0.687500
vt 0.750000 0.625000
vt 0.750000 0.562500
vt 0.750000 0.500000
vt 0.750000 0.437500
vt 0.750000 0.375000
vt 0.750000 0.312500
vt 0.750000 0.250000
vt 0.750000 0.187500
vt 0.750000 0.125000
vt 0.767857 0.000000
vt 0.767857 0.062500
vt 0.767857 0.937500
vt 0.767857 1.000000
vt 0.767857 0.875000
vt 0.767857 0.812500
vt 0.767857 0.750000
vt 0.767857 0.687500
vt 0.767857 0.625000
vt 0.767857 0.562500
vt 0.767857 0.500000
vt 0.767857 0.437500
vt 0.767857 0.375000
vt 0.767857 0.312500
vt 0.767857 0.250000
vt 0.767857 0.187500
vt 0.767857 0.125000
vt 0.785714 0.000000
vt 0.785714 0.062500
vt 0.785714 0.937500
vt 0.785714 1.000000
vt 0.785714 0.875000
vt 0.785714 0.812500
vt 0.785714 0.750000
vt 0.785714 0.687500
vt 0.785714 0.625000
vt 0.785714 0.562500
vt 0.785714 0.500000
vt 0.785714 0.437500
vt 0.785714 0.375000
vt 0.785714 0.312500
vt 0.785714 0.250000
vt 0.785714 0.187500
vt 0.785714 0.125000
vt 0.803571 0.000000
vt 0.803571 0.062500
vt 0.803571 0.937500
vt 0.803571 1.000000
vt 0.803571 0.875000
vt 0.803571 0.812500
vt 0.803571 0.750000
vt 0.803571 0.687500
vt 0.803571 0.625000
vt 0.803571 0.562500
vt 0.803571 0.500000
vt 0.803571 0.437500
vt 0.803571 0.375000
vt 0.803571 0.312500
vt 0.803571 0.250000
vt 0.803571 0.187500
vt 0.803571 0.125000
vt 0.821429 0.000000
vt 0.821429 0.062500
vt 0.821429 0.937500
vt 0.821429 1.000000
vt 0.821429 0.875000
vt 0.821429 0.812500
vt 0.821429 0.750000
vt 0.821429 0.687500
vt 0.821429 0.625000
vt 0.821429 0.562500
vt 0.821429 0.500000
vt 0.821429 0.437500
vt 0.821429 0.375000
vt 0.821429 0.312500
vt 0.821429 0.250000
vt 0.821429 0.187500
vt 0.821429 0.125000
vt 0.839286 0.000000
vt 0.839286 0.062500
vt 0.839286 0.937500
vt 0.839286 1.000000
vt 0.839286 0.875000
vt 0.839286 0.812500
vt 0.839286 0.750000
vt 0.839286 0.687500
vt 0.839286 0.625000
vt 0.839286 0.562500
vt 0.839286 0.500000
vt 0.839286 0.437500
vt 0.839286 0.375000
vt 0.839286 0.312500
vt 0.839286 0.250000
vt 0.839286 0.187500
vt 0.839286 0.125000
vt 0.857143 0.000000
vt 0.857143 0.062500
vt 0.857143 0.937500
vt 0.857143 1.000000
vt 0.857143 0.875000
vt 0.857143 0.812500
vt 0.857143 0.750000
vt 0.857143 0.687500
vt 0.857143 0.625000
vt 0.857143 0.562500
vt 0.857143 0.500000
vt 0.857143 0.437500
vt 0.857143 0.375000
vt 0.857143 0.312500
vt 0.857143 0.250000
vt 0.857143 0.187500
vt 0.857143 0.125000
vt 0.875000 0.000000
vt 0.875000 0.062500
vt 0.875000 0.937500
vt 0.875000 1.000000
vt 0.875000 0.875000
vt 0.875000 0.812500
vt 0.875000 0.750000
vt 0.875000 0.687500
vt 0.875000 0.625000
vt 0.875000 0.562500
vt 0.875000 0.500000
vt 0.875000 0.437500
vt 0.875000 0.375000
vt 0.875000 0.312500
vt 0.875000 0.250000
vt 0.875000 0.187500
vt 0.875000 0.125000
vt 0.892857 0.000000
vt 0.892857 0.062500
vt 0.892857 0.937500
vt 0.892857 1.000000
vt 0.892857 0.875000
vt 0.892857 0.812500
vt 0.892857 0.750000
vt 0.892857 0.687500
vt 0.892857 0.625000
vt 0.892857 0.562500
vt 0.892857 0.500000
vt 0.892857 0.437500
vt 0.892857 0.375000
vt 0.892857 0.312500
vt 0.892857 0.250000
vt 0.892857 0.187500
vt 0.892857 0.125000
vt 0.910714 0.000000
vt 0.910714 0.062500
vt 0.910714 0.937500
vt 0.910714 1.000000
vt 0.910714 0.875000
vt 0.910714 0.812500
vt 0.910714 0.750000
vt 0.910714 0.687500
vt 0.910714 0.625000
vt 0.910714 0.562500
vt 0.910714 0.500000
vt 0.910714 0.437500
vt 0.910714 0.375000
vt 0.910714 0.312500
vt 0.910714 0.250000
vt 0.910714 0.187500
vt 0.910714 0.125000
vt 0.928571 0.000000
vt 0.928571 0.062500
vt 0.928571 0.937500
vt 0.928571 1.000000
vt 0.928571 0.875000
vt 0.928571 0.812500
vt 0.928571 0.750000
vt 0.928571 0.687500
vt 0.928571 0.625000
vt 0.928571 0.562500
vt 0.928571 0.500000
vt 0.928571 0.437500
vt 0.928571 0.375000
vt 0.928571 0.312500
vt 0.928571 0.250000
vt 0.928571 0.187500
vt 0.928571 0.125000
vt 0.946429 0.000000
vt 0.946429 0.062500
vt 0.946429 0.937500
vt 0.946429 1.000000
vt 0.946429 0.875000
vt 0.946429 0.812500
vt 0.946429 0.750000
vt 0.946429 0.687500
vt 0.946429 0.625000
vt 0.946429 0.562500
vt 0.946429 0.500000
vt 0.946429 0.437500
vt 0.946429 0.375000
vt 0.946429 0.312500
vt 0.946429 0.250000
vt 0.946429 0.187500
vt 0.946429 0.125000
vt 0.964286 0.000000
vt 0.964286 0.062500
vt 0.964286 0.937500
vt 0.964286 1.000000
vt 0.964286 0.875000
vt 0.964286 0.812500
vt 0.964286 0.750000
vt 0.964286 0.687500
vt 0.964286 0.625000
vt 0.964286 0.562500
vt 0.964286 0.500000
vt 0.964286 0.437500
vt 0.964286 0.375000
vt 0.964286 0.312500
vt 0.964286 0.250000
vt 0.964286 0.187500
vt 0.964286 0.125000
vt 0.982143 0.000000
vt 0.982143 0.062500
vt 0.982143 0.937500
vt 0.982143 1.000000
vt 0.982143 0.875000
vt 0.982143 0.812500
vt 0.982143 0.750000
vt 0.982143 0.687500
vt 0.982143 0.625000
vt 0.982143 0.562500
vt 0.982143 0.500000
vt 0.982143 0.437500
vt 0.982143 0.375000
vt 0.982143 0.312500
vt 0.982143 0.250000
vt 0.982143 0.187500
vt 0.982143 0.125000
vt 1.000000 0.000000
vt 1.000000 0.062500
vt 1.000000 0.937500
vt 1.000000 1.000000
vt 1.000000 0.875000
vt 1.000000 0.812500
vt 1.000000 0.750000
vt 1.000000 0.687500
vt 1.000000 0.625000
vt 1.000000 0.562500
vt 1.000000 0.500000
vt 1.000000 0.437500
vt 1.000000 0.375000
vt 1.000000 0.312500
vt 1.000000 0.250000
vt 1.000000 0.187500
vt 1.000000 0.125000
vt 0.375000 1.000000
vt 0.625000 1.000000
vt 0.625000 0.750000
vt 0.375000 0.750000
vt 0.375000 0.750000
vt 0.625000 0.750000
vt 0.625000 0.500000
vt 0.375000 0.500000
vt 0.375000 0.500000
vt 0.625000 0.500000
vt 0.625000 0.250000
vt 0.375000 0.250000
vt 0.375000 0.250000
vt 0.625000 0.250000
vt 0.625000 0.000000
vt 0.375000 0.000000
vt 0.125000 0.500000
vt 0.375000 0.500000
vt 0.375000 0.250000
vt 0.125000 0.250000
vt 0.625000 0.500000
vt 0.875000 0.500000
vt 0.875000 0.250000
vt 0.625000 0.250000
vt 0.375000 1.000000
vt 0.625000 1.000000
vt 0.625000 0.750000
vt 0.375000 0.750000
vt 0.375000 0.750000
vt 0.625000 0.750000
vt 0.625000 0.500000
vt 0.375000 0.500000
vt 0.375000 0.500000
vt 0.625000 0.500000
vt 0.625000 0.250000
vt 0.375000 0.250000
vt 0.375000 0.250000
vt 0.625000 0.250000
vt 0.625000 0.000000
vt 0.375000 0.000000
vt 0.125000 0.500000
vt 0.375000 0.500000
vt 0.375000 0.250000
vt 0.125000 0.250000
vt 0.625000 0.500000
vt 0.875000 0.500000
vt 0.875000 0.250000
vt 0.625000 0.250000
vt 1.000000 0.500000
vt 1.000000 0.000000
vt 0.968750 0.000000
vt 0.968750 0.500000
vt 0.968750 0.500000
vt 0.968750 0.000000
vt 0.937500 0.000000
vt 0.937500 0.500000
vt 0.937500 0.500000
vt 0.937500 0.000000
vt 0.906250 0.000000
vt 0.906250 0.500000
vt 0.906250 0.500000
vt 0.906250 0.000000
vt 0.875000 0.000000
vt 0.875000 0.500000
vt 0.875000 0.500000
vt 0.875000 0.000000
vt 0.843750 0.000000
vt 0.843750 0.500000
vt 0.843750 0.500000
vt 0.843750 0.000000
vt 0.812500 0.000000
vt 0.812500 0.500000
vt 0.812500 0.500000
vt 0.812500 0.000000
vt 0.781250 0.000000
vt 0.781250 0.500000
vt 0.781250 0.500000
vt 0.781250 0.000000
vt 0.750000 0.000000
vt 0.750000 0.500000
vt 0.750000 0.500000
vt 0.750000 0.000000
vt 0.718750 0.000000
vt 0.718750 0.500000
vt 0.718750 0.500000
vt 0.718750 0.000000
vt 0.687500 0.000000
vt 0.687500 0.500000
vt 0.687500 0.500000
vt 0.687500 0.000000
vt 0.656250 0.000000
vt 0.656250 0.500000
vt 0.656250 0.500000
vt 0.656250 0.000000
vt 0.625000 0.000000
vt 0.625000 0.500000
vt 0.625000 0.500000
vt 0.625000 0.000000
vt 0.593750 0.000000
vt 0.593750 0.500000
vt 0.593750 0.500000
vt 0.593750 0.000000
vt 0.562500 0.000000
vt 0.562500 0.500000
vt 0.562500 0.500000
vt 0.562500 0.000000
vt 0.531250 0.000000
vt 0.531250 0.500000
vt 0.531250 0.500000
vt 0.531250 0.000000
vt 0.500000 0.000000
vt 0.500000 0.500000
vt 0.500000 0.500000
vt 0.500000 0.000000
vt 0.468750 0.000000
vt 0.468750 0.500000
vt 0.468750 0.500000
vt 0.468750 0.000000
vt 0.437500 0.000000
vt 0.437500 0.500000
vt 0.437500 0.500000
vt 0.437500 0.000000
vt 0.406250 0.000000
vt 0.406250 0.500000
vt 0.406250 0.500000
vt 0.406250 0.000000
vt 0.375000 0.000000
vt 0.375000 0.500000
vt 0.375000 0.500000
vt 0.375000 0.000000
vt 0.343750 0.000000
vt 0.343750 0.500000
vt 0.343750 0.500000
vt 0.343750 0.000000
vt 0.312500 0.000000
vt 0.312500 0.500000
vt 0.312500 0.500000
vt 0.312500 0.000000
vt 0.281250 0.000000
vt 0.281250 0.500000
vt 0.281250 0.500000
vt 0.281250 0.000000
vt 0.250000 0.000000
vt 0.250000 0.500000
vt 0.250000 0.500000
vt 0.250000 0.000000
vt 0.218750 0.000000
vt 0.218750 0.500000
vt 0.218750 0.500000
vt 0.218750 0.000000
vt 0.187500 0.000000
vt 0.187500 0.500000
vt 0.187500 0.500000
vt 0.187500 0.000000
vt 0.156250 0.000000
vt 0.156250 0.500000
vt 0.156250 0.500000
vt 0.156250 0.000000
vt 0.125000 0.000000
vt 0.125000 0.500000
vt 0.125000 0.500000
vt 0.125000 0.000000
vt 0.093750 0.000000
vt 0.093750 0.500000
vt 0.093750 0.500000
vt 0.093750 0.000000
vt 0.062500 0.000000
vt 0.062500 0.500000
vt 0.062500 0.500000
vt 0.062500 0.000000
vt 0.031250 0.000000
vt 0.031250 0.500000
vt 0.031250 0.500000
vt 0.031250 0.000000
vt 0.000000 0.000000
vt 0.000000 0.500000
vt 1.000000 0.500000
vt 0.968750 0.500000
vt 0.968750 0.000000
vt 1.000000 0.000000
vt 0.968750 0.500000
vt 0.937500 0.500000
vt 0.937500 0.000000
vt 0.968750 0.000000
vt 0.937500 0.500000
vt 0.906250 0.500000
vt 0.906250 0.000000
vt 0.937500 0.000000
vt 0.906250 0.500000
vt 0.875000 0.500000
vt 0.875000 0.000000
vt 0.906250 0.000000
vt 0.875000 0.500000
vt 0.843750 0.500000
vt 0.843750 0.000000
vt 0.875000 0.000000
vt 0.843750 0.500000
vt 0.812500 0.500000
vt 0.812500 0.000000
vt 0.843750 0.000000
vt 0.812500 0.500000
vt 0.781250 0.500000
vt 0.781250 0.000000
vt 0.812500 0.000000
vt 0.781250 0.500000
vt 0.750000 0.500000
vt 0.750000 0.000000
vt 0.781250 0.000000
vt 0.750000 0.500000
vt 0.718750 0.500000
vt 0.718750 0.000000
vt 0.750000 0.000000
vt 0.718750 0.500000
vt 0.687500 0.500000
vt 0.687500 0.000000
vt 0.718750 0.000000
vt 0.687500 0.500000
vt 0.656250 0.500000
vt 0.656250 0.000000
vt 0.687500 0.000000
vt 0.656250 0.500000
vt 0.625000 0.500000
vt 0.625000 0.000000
vt 0.656250 0.000000
vt 0.625000 0.500000
vt 0.593750 0.500000
vt 0.593750 0.000000
vt 0.625000 0.000000
vt 0.593750 0.500000
vt 0.562500 0.500000
vt 0.562500 0.000000
vt 0.593750 0.000000
vt 0.562500 0.500000
vt 0.531250 0.500000
vt 0.531250 0.000000
vt 0.562500 0.000000
vt 0.531250 0.500000
vt 0.500000 0.500000
vt 0.500000 0.000000
vt 0.531250 0.000000
vt 0.500000 0.500000
vt 0.468750 0.500000
vt 0.468750 0.000000
vt 0.500000 0.000000
vt 0.468750 0.500000
vt 0.437500 0.500000
vt 0.437500 0.000000
vt 0.468750 0.000000
vt 0.437500 0.500000
vt 0.406250 0.500000
vt 0.406250 0.000000
vt 0.437500 0.000000
vt 0.406250 0.500000
vt 0.375000 0.500000
vt 0.375000 0.000000
vt 0.406250 0.000000
vt 0.375000 0.500000
vt 0.343750 0.500000
vt 0.343750 0.000000
vt 0.375000 0.000000
vt 0.343750 0.500000
vt 0.312500 0.500000
vt 0.312500 0.000000
vt 0.343750 0.000000
vt 0.312500 0.500000
vt 0.281250 0.500000
vt 0.281250 0.000000
vt 0.312500 0.000000
vt 0.281250 0.500000
vt 0.250000 0.500000
vt 0.250000 0.000000
vt 0.281250 0.000000
vt 0.250000 0.500000
vt 0.218750 0.500000
vt 0.218750 0.000000
vt 0.250000 0.000000
vt 0.218750 0.500000
vt 0.187500 0.500000
vt 0.187500 0.000000
vt 0.218750 0.000000
vt 0.187500 0.500000
vt 0.156250 0.500000
vt 0.156250 0.000000
vt 0.187500 0.000000
vt 0.156250 0.500000
vt 0.125000 0.500000
vt 0.125000 0.000000
vt 0.156250 0.000000
vt 0.125000 0.500000
vt 0.093750 0.500000
vt 0.093750 0.000000
vt 0.125000 0.000000
vt 0.093750 0.500000
vt 0.062500 0.500000
vt 0.062500 0.000000
vt 0.093750 0.000000
vt 0.843750 0.000000
vt 0.843750 0.000000
vt 0.875000 0.000000
vt 0.875000 0.000000
vt 0.062500 0.500000
vt 0.031250 0.500000
vt 0.031250 0.000000
vt 0.062500 0.000000
vt 0.031250 0.500000
vt 0.000000 0.500000
vt 0.000000 0.000000
vt 0.031250 0.000000
vt 0.562500 0.000000
vt 0.562500 0.000000
vt 0.593750 0.000000
vt 0.593750 0.000000
vt 0.281250 0.000000
vt 0.281250 0.000000
vt 0.312500 0.000000
vt 0.312500 0.000000
vt 0.968750 0.000000
vt 0.968750 0.000000
vt 1.000000 0.000000
vt 1.000000 0.000000
vt 0.000000 0.000000
vt 0.000000 0.000000
vt 0.031250 0.000000
vt 0.031250 0.000000
vt 0.687500 0.000000
vt 0.687500 0.000000
vt 0.718750 0.000000
vt 0.718750 0.000000
vt 0.406250 0.000000
vt 0.406250 0.000000
vt 0.437500 0.000000
vt 0.437500 0.000000
vt 0.125000 0.000000
vt 0.125000 0.000000
vt 0.156250 0.000000
vt 0.156250 0.000000
vt 0.812500 0.000000
vt 0.812500 0.000000
vt 0.843750 0.000000
vt 0.843750 0.000000
vt 0.531250 0.000000
vt 0.531250 0.000000
vt 0.562500 0.000000
vt 0.562500 0.000000
vt 0.250000 0.000000
vt 0.250000 0.000000
vt 0.281250 0.000000
vt 0.281250 0.000000
vt 0.937500 0.000000
vt 0.937500 0.000000
vt 0.968750 0.000000
vt 0.968750 0.000000
vt 0.656250 0.000000
vt 0.656250 0.000000
vt 0.687500 0.000000
vt 0.687500 0.000000
vt 0.375000 0.000000
vt 0.375000 0.000000
vt 0.406250 0.000000
vt 0.406250 0.000000
vt 0.093750 0.000000
vt 0.093750 0.000000
vt 0.125000 0.000000
vt 0.125000 0.000000
vt 0.781250 0.000000
vt 0.781250 0.000000
vt 0.812500 0.000000
vt 0.812500 0.000000
vt 0.500000 0.000000
vt 0.500000 0.000000
vt 0.531250 0.000000
vt 0.531250 0.000000
vt 0.218750 0.000000
vt 0.218750 0.000000
vt 0.250000 0.000000
vt 0.250000 0.000000
vt 0.906250 0.000000
vt 0.906250 0.000000
vt 0.937500 0.000000
vt 0.937500 0.000000
vt 0.625000 0.000000
vt 0.625000 0.000000
vt 0.656250 0.000000
vt 0.656250 0.000000
vt 0.343750 0.000000
vt 0.343750 0.000000
vt 0.375000 0.000000
vt 0.375000 0.000000
vt 0.062500 0.000000
vt 0.062500 0.000000
vt 0.093750 0.000000
vt 0.093750 0.000000
vt 0.750000 0.000000
vt 0.750000 0.000000
vt 0.781250 0.000000
vt 0.781250 0.000000
vt 0.468750 0.000000
vt 0.468750 0.000000
vt 0.500000 0.000000
vt 0.500000 0.000000
vt 0.187500 0.000000
vt 0.187500 0.000000
vt 0.218750 0.000000
vt 0.218750 0.000000
vt 0.875000 0.000000
vt 0.875000 0.000000
vt 0.906250 0.000000
vt 0.906250 0.000000
vt 0.593750 0.000000
vt 0.593750 0.000000
vt 0.625000 0.000000
vt 0.625000 0.000000
vt 0.312500 0.000000
vt 0.312500 0.000000
vt 0.343750 0.000000
vt 0.343750 0.000000
vt 0.031250 0.000000
vt 0.031250 0.000000
vt 0.062500 0.000000
vt 0.062500 0.000000
vt 0.718750 0.000000
vt 0.718750 0.000000
vt 0.750000 0.000000
vt 0.750000 0.000000
vt 0.437500 0.000000
vt 0.437500 0.000000
vt 0.468750 0.000000
vt 0.468750 0.000000
vt 0.156250 0.000000
vt 0.156250 0.000000
vt 0.187500 0.000000
vt 0.187500 0.000000
vt 0.296822 0.514612
vt 0.250000 0.510000
vt 0.203178 0.514612
vt 0.158156 0.528269
vt 0.116663 0.550447
vt 0.080294 0.580294
vt 0.050447 0.616663
vt 0.028269 0.658156
vt 0.014612 0.703178
vt 0.010000 0.750000
vt 0.014612 0.796822
vt 0.028269 0.841844
vt 0.050447 0.883337
vt 0.080294 0.919706
vt 0.116663 0.949553
vt 0.158156 0.971731
vt 0.203178 0.985388
vt 0.250000 0.990000
vt 0.296822 0.985388
vt 0.341844 0.971731
vt 0.383337 0.949553
vt 0.419706 0.919706
vt 0.449553 0.883337
vt 0.471731 0.841844
vt 0.485388 0.796822
vt 0.490000 0.750000
vt 0.485388 0.703178
vt 0.471731 0.658156
vt 0.449553 0.616663
vt 0.419706 0.580294
vt 0.383337 0.550447
vt 0.341844 0.528269
vt 0.750000 0.510000
vt 0.796822 0.514612
vt 0.841844 0.528269
vt 0.883337 0.550447
vt 0.919706 0.580294
vt 0.949553 0.616663
vt 0.971731 0.658156
vt 0.985388 0.703178
vt 0.990000 0.750000
vt 0.985388 0.796822
vt 0.971731 0.841844
vt 0.949553 0.883337
vt 0.919706 0.919706
vt 0.883337 0.949553
vt 0.841844 0.971731
vt 0.796822 0.985388
vt 0.750000 0.990000
vt 0.703178 0.985388
vt 0.658156 0.971731
vt 0.616663 0.949553
vt 0.580294 0.919706
vt 0.550447 0.883337
vt 0.528269 0.841844
vt 0.514612 0.796822
vt 0.510000 0.750000
vt 0.514612 0.703178
vt 0.528269 0.658156
vt 0.550447 0.616663
vt 0.580294 0.580294
vt 0.616663 0.550447
vt 0.658156 0.528269
vt 0.703178 0.514612
vt 0.750000 0.510000
vt 0.703178 0.514612
vt 0.658156 0.528269
vt 0.616663 0.550447
vt 0.580294 0.580294
vt 0.550447 0.616663
vt 0.528269 0.658156
vt 0.514612 0.703178
vt 0.510000 0.750000
vt 0.514612 0.796822
vt 0.528269 0.841844
vt 0.550447 0.883337
vt 0.580294 0.919706
vt 0.616663 0.949553
vt 0.658156 0.971731
vt 0.703178 0.985388
vt 0.750000 0.990000
vt 0.796822 0.985388
vt 0.841844 0.971731
vt 0.883337 0.949553
vt 0.919706 0.919706
vt 0.949553 0.883337
vt 0.971731 0.841844
vt 0.985388 0.796822
vt 0.990000 0.750000
vt 0.985388 0.703178
vt 0.971731 0.658156
vt 0.949553 0.616663
vt 0.919706 0.580294
vt 0.883337 0.550447
vt 0.841844 0.528269
vt 0.796822 0.514612
vt 0.296822 0.514612
vt 0.341844 0.528269
vt 0.383337 0.550447
vt 0.419706 0.580294
vt 0.449553 0.616663
vt 0.471731 0.658156
vt 0.485388 0.703178
vt 0.490000 0.750000
vt 0.485388 0.796822
vt 0.471731 0.841844
vt 0.449553 0.883337
vt 0.419706 0.919706
vt 0.383337 0.949553
vt 0.341844 0.971731
vt 0.296822 0.985388
vt 0.250000 0.990000
vt 0.203178 0.985388
vt 0.158156 0.971731
vt 0.116663 0.949553
vt 0.080294 0.919706
vt 0.050447 0.883337
vt 0.028269 0.841844
vt 0.014612 0.796822
vt 0.010000 0.750000
vt 0.014612 0.703178
vt 0.028269 0.658156
vt 0.050447 0.616663
vt 0.080294 0.580294
vt 0.116663 0.550447
vt 0.158156 0.528269
vt 0.203178 0.514612
vt 0.250000 0.510000
vt 0.000000 1.000000
vt 0.000000 1.000000
vt 0.000000 1.000000
vt 0.000000 1.000000
vt 0.000000 1.000000
vt 0.000000 1.000000
vt 0.000000 1.000000
vt 0.000000 1.000000
vt 0.000000 1.000000
vt 0.000000 1.000000
vt 0.000000 1.000000
vt 0.000000 1.000000
vt 0.000000 1.000000
vt 0.000000 1.000000
vt 0.000000 1.000000
vt 0.000000 1.000000
vt 0.000000 1.000000
vt 0.000000 1.000000
vt 0.000000 1.000000
vt 0.000000 1.000000
vt 0.000000 1.000000
vt 0.000000 1.000000
vt 0.000000 1.000000
vt 0.000000 1.000000
vt 0.000000 1.000000
vt 0.000000 1.000000
vt 0.000000 1.000000
vt 0.000000 1.000000
vt 0.000000 1.000000
vt 0.000000 1.000000
vt 0.000000 1.000000
vt 0.000000 1.000000
f 1/1/1 2/2/2 3/3/3
f 1/1/1 3/3/3 4/4/4
f 5/5/5 6/6/6 7/7/7
f 5/5/5 7/7/7 8/8/8
f 9/9/9 10/10/10 11/11/11
f 9/9/9 11/11/11 12/12/12
f 13/13/13 14/14/14 15/15/15
f 13/13/13 15/15/15 16/16/16
f 17/17/17 18/18/18 19/19/19
f 17/17/17 19/19/19 20/20/20
f 21/21/21 22/22/22 23/23/23
f 21/21/21 23/23/23 24/24/24
f 25/25/25 26/26/26 27/27/27
f 25/25/25 27/27/27 28/28/28
f 29/29/29 30/30/30 31/31/31
f 29/29/29 31/31/31 32/32/32
f 33/33/33 34/34/34 30/30/30
f 33/33/33 30/30/30 29/29/29
f 35/35/35 36/36/36 34/34/34
f 35/35/35 34/34/34 33/33/33
f 37/37/37 38/38/38 36/36/36
f 37/37/37 36/36/36 35/35/35
f 39/39/39 40/40/40 38/38/38
f 39/39/39 38/38/38 37/37/37
f 41/41/41 42/42/42 40/40/40
f 41/41/41 40/40/40 39/39/39
f 43/43/43 44/44/44 42/42/42
f 43/43/43 42/42/42 41/41/41
f 45/45/45 46/46/46 44/44/44
f 45/45/45 44/44/44 43/43/43
f 47/47/47 48/48/48 46/46/46
f 47/47/47 46/46/46 45/45/45
f 49/49/49 50/50/50 48/48/48
f 49/49/49 48/48/48 47/47/47
f 51/51/51 52/52/52 50/50/50
f 51/51/51 50/50/50 49/49/49
f 53/53/53 54/54/54 52/52/52
f 53/53/53 52/52/52 51/51/51
f 55/55/55 56/56/56 54/54/54
f 55/55/55 54/54/54 53/53/53
f 57/57/57 58/58/58 56/56/56
f 57/57/57 56/56/56 55/55/55
f 28/28/28 27/27/27 58/58/58
f 28/28/28 58/58/58 57/57/57
f 26/26/26 59/59/59 60/60/60
f 26/26/26 60/60/60 27/27/27
f 30/30/30 61/61/61 62/62/62
f 30/30/30 62/62/62 31/31/31
f 34/34/34 63/63/63 61/61/61
f 34/34/34 61/61/61 30/30/30
f 36/36/36 64/64/64 63/63/63
f 36/36/36 63/63/63 34/34/34
f 38/38/38 65/65/65 64/64/64
f 38/38/38 64/64/64 36/36/36
f 40/40/40 66/66/66 65/65/65
f 40/40/40 65/65/65 38/38/38
f 42/42/42 67/67/67 66/66/66
f 42/42/42 66/66/66 40/40/40
f 44/44/44 68/68/68 67/67/67
f 44/44/44 67/67/67 42/42/42
f 46/46/46 69/69/69 68/68/68
f 46/46/46 68/68/68 44/44/44
f 48/48/48 70/70/70 69/69/69
f 48/48/48 69/69/69 46/46/46
f 50/50/50 71/71/71 70/70/70
f 50/50/50 70/70/70 48/48/48
f 52/52/52 72/72/72 71/71/71
f 52/52/52 71/71/71 50/50/50
f 54/54/54 73/73/73 72/72/72
f 54/54/54 72/72/72 52/52/52
f 56/56/56 74/74/74 73/73/73
f 56/56/56 73/73/73 54/54/54
f 58/58/58 75/75/75 74/74/74
f 58/58/58 74/74/74 56/56/56
f 27/27/27 60/60/60 75/75/75
f 27/27/27 75/75/75 58/58/58
f 59/59/59 76/76/76 77/77/77
f 59/59/59 77/77/77 60/60/60
f 61/61/61 78/78/78 79/79/79
f 61/61/61 79/79/79 62/62/62
f 63/63/63 80/80/80 78/78/78
f 63/63/63 78/78/78 61/61/61
f 64/64/64 81/81/81 80/80/80
f 64/64/64 80/80/80 63/63/63
f 65/65/65 82/82/82 81/81/81
f 65/65/65 81/81/81 64/64/64
f 66/66/66 83/83/83 82/82/82
f 66/66/66 82/82/82 65/65/65
f 67/67/67 84/84/84 83/83/83
f 67/67/67 83/83/83 66/66/66
f 68/68/68 85/85/85 84/84/84
f 68/68/68 84/84/84 67/67/67
f 69/69/69 86/86/86 85/85/85
f 69/69/69 85/85/85 68/68/68
f 70/70/70 87/87/87 86/86/86
f 70/70/70 86/86/86 69/69/69
f 71/71/71 88/88/88 87/87/87
f 71/71/71 87/87/87 70/70/70
f 72/72/72 89/89/89 88/88/88
f 72/72/72 88/88/88 71/71/71
f 73/73/73 90/90/90 89/89/89
f 73/73/73 89/89/89 72/72/72
f 74/74/74 91/91/91 90/90/90
f 74/74/74 90/90/90 73/73/73
f 75/75/75 92/92/92 91/91/91
f 75/75/75 91/91/91 74/74/74
f 60/60/60 77/77/77 92/92/92
f 60/60/60 92/92/92 75/75/75
f 76/76/76 93/93/93 94/94/94
f 76/76/76 94/94/94 77/77/77
f 78/78/78 95/95/95 96/96/96
f 78/78/78 96/96/96 79/79/79
f 80/80/80 97/97/97 95/95/95
f 80/80/80 95/95/95 78/78/78
f 81/81/81 98/98/98 97/97/97
f 81/81/81 97/97/97 80/80/80
f 82/82/82 99/99/99 98/98/98
f 82/82/82 98/98/98 81/81/81
f 83/83/83 100/100/100 99/99/99
f 83/83/83 99/99/99 82/82/82
f 84/84/84 101/101/101 100/100/100
f 84/84/84 100/100/100 83/83/83
f 85/85/85 102/102/102 101/101/101
f 85/85/85 101/101/101 84/84/84
f 86/86/86 103/103/103 102/102/102
f 86/86/86 102/102/102 85/85/85
f 87/87/87 104/104/104 103/103/103
f 87/87/87 103/103/103 86/86/86
f 88/88/88 105/105/105 104/104/104
f 88/88/88 104/104/104 87/87/87
f 89/89/89 106/106/106 105/105/105
f 89/89/89 105/105/105 88/88/88
f 90/90/90 107/107/107 106/106/106
f 90/90/90 106/106/106 89/89/89
f 91/91/91 108/108/108 107/107/107
f 91/91/91 107/107/107 90/90/90
f 92/92/92 109/109/109 108/108/108
f 92/92/92 108/108/108 91/91/91
f 77/77/77 94/94/94 109/109/109
f 77/77/77 109/109/109 92/92/92
f 93/93/93 110/110/110 111/111/111
f 93/93/93 111/111/111 94/94/94
f 95/95/95 112/112/112 113/113/113
f 95/95/95 113/113/113 96/96/96
f 97/97/97 114/114/114 112/112/112
f 97/97/97 112/112/112 95/95/95
f 98/98/98 115/115/115 114/114/114
f 98/98/98 114/114/114 97/97/97
f 99/99/99 116/116/116 115/115/115
f 99/99/99 115/115/115 98/98/98
f 100/100/100 117/117/117 116/116/116
f 100/100/100 116/116/116 99/99/99
f 101/101/101 118/118/118 117/117/117
f 101/101/101 117/117/117 100/100/100
f 102/102/102 119/119/119 118/118/118
f 102/102/102 118/118/118 101/101/101
f 103/103/103 120/120/120 119/119/119
f 103/103/103 119/119/119 102/102/102
f 104/104/104 121/121/121 120/120/120
f 104/104/104 120/120/120 103/103/103
f 105/105/105 122/122/122 121/121/121
f 105/105/105 121/121/121 104/104/104
f 106/106/106 123/123/123 122/122/122
f 106/106/106 122/122/122 105/105/105
f 107/107/107 124/124/124 123/123/123
f 107/107/107 123/123/123 106/106/106
f 108/108/108 125/125/125 124/124/124
f 108/108/108 124/124/124 107/107/107
f 109/109/109 126/126/126 125/125/125
f 109/109/109 125/125/125 108/108/108
f 94/94/94 111/111/111 126/126/126
f 94/94/94 126/126/126 109/109/109
f 110/110/110 127/127/127 128/128/128
f 110/110/110 128/128/128 111/111/111
f 112/112/112 129/129/129 130/130/130
f 112/112/112 130/130/130 113/113/113
f 114/114/114 131/131/131 129/129/129
f 114/114/114 129/129/129 112/112/112
f 115/115/115 132/132/132 131/131/131
f 115/115/115 131/131/131 114/114/114
f 116/116/116 133/133/133 132/132/132
f 116/116/116 132/132/132 115/115/115
f 117/117/117 134/134/134 133/133/133
f 117/117/117 133/133/133 116/116/116
f 118/118/118 135/135/135 134/134/134
f 118/118/118 134/134/134 117/117/117
f 119/119/119 136/136/136 135/135/135
f 119/119/119 135/135/135 118/118/118
f 120/120/120 137/137/137 136/136/136
f 120/120/120 136/136/136 119/119/119
f 121/121/121 138/138/138 137/137/137
f 121/121/121 137/137/137 120/120/120
f 122/122/122 139/139/139 138/138/138
f 122/122/122 138/138/138 121/121/121
f 123/123/123 140/140/140 139/139/139
f 123/123/123 139/139/139 122/122/122
f 124/124/124 141/141/141 140/140/140
f 124/124/124 140/140/140 123/123/123
f 125/125/125 142/142/142 141/141/141
f 125/125/125 141/141/141 124/124/124
f 126/126/126 143/143/143 142/142/142
f 126/126/126 142/142/142 125/125/125
f 111/111/111 128/128/128 143/143/143
f 111/111/111 143/143/143 126/126/126
f 127/127/127 144/144/144 145/145/145
f 127/127/127 145/145/145 128/128/128
f 129/129/129 146/146/146 147/147/147
f 129/129/129 147/147/147 130/130/130
f 131/131/131 148/148/148 146/146/146
f 131/131/131 146/146/146 129/129/129
f 132/132/132 149/149/149 148/148/148
f 132/132/132 148/148/148 131/131/131
f 133/133/133 150/150/150 149/149/149
f 133/133/133 149/149/149 132/132/132
f 134/134/134 151/151/151 150/150/150
f 134/134/134 150/150/150 133/133/133
f 135/135/135 152/152/152 151/151/151
f 135/135/135 151/151/151 134/134/134
f 136/136/136 153/153/153 152/152/152
f 136/136/136 152/152/152 135/135/135
f 137/137/137 154/154/154 153/153/153
f 137/137/137 153/153/153 136/136/136
f 138/138/138 155/155/155 154/154/154
f 138/138/138 154/154/154 137/137/137
f 139/139/139 156/156/156 155/155/155
f 139/139/139 155/155/155 138/138/138
f 140/140/140 157/157/157 156/156/156
f 140/140/140 156/156/156 139/139/139
f 141/141/141 158/158/158 157/157/157
f 141/141/141 157/157/157 140/140/140
f 142/142/142 159/159/159 158/158/158
f 142/142/142 158/158/158 141/141/141
f 143/143/143 160/160/160 159/159/159
f 143/143/143 159/159/159 142/142/142
f 128/128/128 145/145/145 160/160/160
f 128/128/128 160/160/160 143/143/143
f 144/144/144 161/161/161 162/162/162
f 144/144/144 162/162/162 145/145/145
f 146/146/146 163/163/163 164/164/164
f 146/146/146 164/164/164 147/147/147
f 148/148/148 165/165/165 163/163/163
f 148/148/148 163/163/163 146/146/146
f 149/149/149 166/166/166 165/165/165
f 149/149/149 165/165/165 148/148/148
f 150/150/150 167/167/167 166/166/166
f 150/150/150 166/166/166 149/149/149
f 151/151/151 168/168/168 167/167/167
f 151/151/151 167/167/167 150/150/150
f 152/152/152 169/169/169 168/168/168
f 152/152/152 168/168/168 151/151/151
f 153/153/153 170/170/170 169/169/169
f 153/153/153 169/169/169 152/152/152
f 154/154/154 171/171/171 170/170/170
f 154/154/154 170/170/170 153/153/153
f 155/155/155 172/172/172 171/171/171
f 155/155/155 171/171/171 154/154/154
f 156/156/156 173/173/173 172/172/172
f 156/156/156 172/172/172 155/155/155
f 157/157/157 174/174/174 173/173/173
f 157/157/157 173/173/173 156/156/156
f 158/158/158 175/175/175 174/174/174
f 158/158/158 174/174/174 157/157/157
f 159/159/159 176/176/176 175/175/175
f 159/159/159 175/175/175 158/158/158
f 160/160/160 177/177/177 176/176/176
f 160/160/160 176/176/176 159/159/159
f 145/145/145 162/162/162 177/177/177
f 145/145/145 177/177/177 160/160/160
f 161/161/161 178/178/178 179/179/179
f 161/161/161 179/179/179 162/162/162
f 163/163/163 180/180/180 181/181/181
f 163/163/163 181/181/181 164/164/164
f 165/165/165 182/182/182 180/180/180
f 165/165/165 180/180/180 163/163/163
f 166/166/166 183/183/183 182/182/182
f 166/166/166 182/182/182 165/165/165
f 167/167/167 184/184/184 183/183/183
f 167/167/167 183/183/183 166/166/166
f 168/168/168 185/185/185 184/184/184
f 168/168/168 184/184/184 167/167/167
f 169/169/169 186/186/186 185/185/185
f 169/169/169 185/185/185 168/168/168
f 170/170/170 187/187/187 186/186/186
f 170/170/170 186/186/186 169/169/169
f 171/171/171 188/188/188 187/187/187
f 171/171/171 187/187/187 170/170/170
f 172/172/172 189/189/189 188/188/188
f 172/172/172 188/188/188 171/171/171
f 173/173/173 190/190/190 189/189/189
f 173/173/173 189/189/189 172/172/172
f 174/174/174 191/191/191 190/190/190
f 174/174/174 190/190/190 173/173/173
f 175/175/175 192/192/192 191/191/191
f 175/175/175 191/191/191 174/174/174
f 176/176/176 193/193/193 192/192/192
f 176/176/176 192/192/192 175/175/175
f 177/177/177 194/194/194 193/193/193
f 177/177/177 193/193/193 176/176/176
f 162/162/162 179/179/179 194/194/194
f 162/162/162 194/194/194 177/177/177
f 178/178/178 195/195/195 196/196/196
f 178/178/178 196/196/196 179/179/179
f 180/180/180 197/197/197 198/198/198
f 180/180/180 198/198/198 181/181/181
f 182/182/182 199/199/199 197/197/197
f 182/182/182 197/197/197 180/180/180
f 183/183/183 200/200/200 199/199/199
f 183/183/183 199/199/199 182/182/182
f 184/184/184 201/201/201 200/200/200
f 184/184/184 200/200/200 183/183/183
f 185/185/185 202/202/202 201/201/201
f 185/185/185 201/201/201 184/184/184
f 186/186/186 203/203/203 202/202/202
f 186/186/186 202/202/202 185/185/185
f 187/187/187 204/204/204 203/203/203
f 187/187/187 203/203/203 186/186/186
f 188/188/188 205/205/205 204/204/204
f 188/188/188 204/204/204 187/187/187
f 189/189/189 206/206/206 205/205/205
f 189/189/189 205/205/205 188/188/188
f 190/190/190 207/207/207 206/206/206
f 190/190/190 206/206/206 189/189/189
f 191/191/191 208/208/208 207/207/207
f 191/191/191 207/207/207 190/190/190
f 192/192/192 209/209/209 208/208/208
f 192/192/192 208/208/208 191/191/191
f 193/193/193 210/210/210 209/209/209
f 193/193/193 209/209/209 192/192/192
f 194/194/194 211/211/211 210/210/210
f 194/194/194 210/210/210 193/193/193
f 179/179/179 196/196/196 211/211/211
f 179/179/179 211/211/211 194/194/194
f 195/195/195 212/212/212 213/213/213
f 195/195/195 213/213/213 196/196/196
f 197/197/197 214/214/214 215/215/215
f 197/197/197 215/215/215 198/198/198
f 199/199/199 216/216/216 214/214/214
f 199/199/199 214/214/214 197/197/197
f 200/200/200 217/217/217 216/216/216
f 200/200/200 216/216/216 199/199/199
f 201/201/201 218/218/218 217/217/217
f 201/201/201 217/217/217 200/200/200
f 202/202/202 219/219/219 218/218/218
f 202/202/202 218/218/218 201/201/201
f 203/203/203 220/220/220 219/219/219
f 203/203/203 219/219/219 202/202/202
f 204/204/204 221/221/221 220/220/220
f 204/204/204 220/220/220 203/203/203
f 205/205/205 222/222/222 221/221/221
f 205/205/205 221/221/221 204/204/204
f 206/206/206 223/223/223 222/222/222
f 206/206/206 222/222/222 205/205/205
f 207/207/207 224/224/224 223/223/223
f 207/207/207 223/223/223 206/206/206
f 208/208/208 225/225/225 224/224/224
f 208/208/208 224/224/224 207/207/207
f 209/209/209 226/226/226 225/225/225
f 209/209/209 225/225/225 208/208/208
f 210/210/210 227/227/227 226/226/226
f 210/210/210 226/226/226 209/209/209
f 211/211/211 228/228/228 227/227/227
f 211/211/211 227/227/227 210/210/210
f 196/196/196 213/213/213 228/228/228
f 196/196/196 228/228/228 211/211/211
f 212/212/212 229/229/229 230/230/230
f 212/212/212 230/230/230 213/213/213
f 214/214/214 231/231/231 232/232/232
f 214/214/214 232/232/232 215/215/215
f 216/216/216 233/233/233 231/231/231
f 216/216/216 231/231/231 214/214/214
f 217/217/217 234/234/234 233/233/233
f 217/217/217 233/233/233 216/216/216
f 218/218/218 235/235/235 234/234/234
f 218/218/218 234/234/234 217/217/217
f 219/219/219 236/236/236 235/235/235
f 219/219/219 235/235/235 218/218/218
f 220/220/220 237/237/237 236/236/236
f 220/220/220 236/236/236 219/219/219
f 221/221/221 238/238/238 237/237/237
f 221/221/221 237/237/237 220/220/220
f 222/222/222 239/239/239 238/238/238
f 222/222/222 238/238/238 221/221/221
f 223/223/223 240/240/240 239/239/239
f 223/223/223 239/239/239 222/222/222
f 224/224/224 241/241/241 240/240/240
f 224/224/224 240/240/240 223/223/223
f 225/225/225 242/242/242 241/241/241
f 225/225/225 241/241/241 224/224/224
f 226/226/226 243/243/243 242/242/242
f 226/226/226 242/242/242 225/225/225
f 227/227/227 244/244/244 243/243/243
f 227/227/227 243/243/243 226/226/226
f 228/228/228 245/245/245 244/244/244
f 228/228/228 244/244/244 227/227/227
f 213/213/213 230/230/230 245/245/245
f 213/213/213 245/245/245 228/228/228
f 229/229/229 246/246/246 247/247/247
f 229/229/229 247/247/247 230/230/230
f 231/231/231 248/248/248 249/249/249
f 231/231/231 249/249/249 232/232/232
f 233/233/233 250/250/250 248/248/248
f 233/233/233 248/248/248 231/231/231
f 234/234/234 251/251/251 250/250/250
f 234/234/234 250/250/250 233/233/233
f 235/235/235 252/252/252 251/251/251
f 235/235/235 251/251/251 234/234/234
f 236/236/236 253/253/253 252/252/252
f 236/236/236 252/252/252 235/235/235
f 237/237/237 254/254/254 253/253/253
f 237/237/237 253/253/253 236/236/236
f 238/238/238 255/255/255 254/254/254
f 238/238/238 254/254/254 237/237/237
f 239/239/239 256/256/256 255/255/255
f 239/239/239 255/255/255 238/238/238
f 240/240/240 257/257/257 256/256/256
f 240/240/240 256/256/256 239/239/239
f 241/241/241 258/258/258 257/257/257
f 241/241/241 257/257/257 240/240/240
f 242/242/242 259/259/259 258/258/258
f 242/242/242 258/258/258 241/241/241
f 243/243/243 260/260/260 259/259/259
f 243/243/243 259/259/259 242/242/242
f 244/244/244 261/261/261 260/260/260
f 244/244/244 260/260/260 243/243/243
f 245/245/245 262/262/262 261/261/261
f 245/245/245 261/261/261 244/244/244
f 230/230/230 247/247/247 262/262/262
f 230/230/230 262/262/262 245/245/245
f 246/246/246 263/263/263 264/264/264
f 246/246/246 264/264/264 247/247/247
f 248/248/248 265/265/265 266/266/266
f 248/248/248 266/266/266 249/249/249
f 250/250/250 267/267/267 265/265/265
f 250/250/250 265/265/265 248/248/248
f 251/251/251 268/268/268 267/267/267
f 251/251/251 267/267/267 250/250/250
f 252/252/252 269/269/269 268/268/268
f 252/252/252 268/268/268 251/251/251
f 253/253/253 270/270/270 269/269/269
f 253/253/253 269/269/269 252/252/252
f 254/254/254 271/271/271 270/270/270
f 254/254/254 270/270/270 253/253/253
f 255/255/255 272/272/272 271/271/271
f 255/255/255 271/271/271 254/254/254
f 256/256/256 273/273/273 272/272/272
f 256/256/256 272/272/272 255/255/255
f 257/257/257 274/274/274 273/273/273
f 257/257/257 273/273/273 256/256/256
f 258/258/258 275/275/275 274/274/274
f 258/258/258 274/274/274 257/257/257
f 259/259/259 276/276/276 275/275/275
f 259/259/259 275/275/275 258/258/258
f 260/260/260 277/277/277 276/276/276
f 260/260/260 276/276/276 259/259/259
f 261/261/261 278/278/278 277/277/277
f 261/261/261 277/277/277 260/260/260
f 262/262/262 279/279/279 278/278/278
f 262/262/262 278/278/278 261/261/261
f 247/247/247 264/264/264 279/279/279
f 247/247/247 279/279/279 262/262/262
f 263/263/263 280/280/280 281/281/281
f 263/263/263 281/281/281 264/264/264
f 265/265/265 282/282/282 283/283/283
f 265/265/265 283/283/283 266/266/266
f 267/267/267 284/284/284 282/282/282
f 267/267/267 282/282/282 265/265/265
f 268/268/268 285/285/285 284/284/284
f 268/268/268 284/284/284 267/267/267
f 269/269/269 286/286/286 285/285/285
f 269/269/269 285/285/285 268/268/268
f 270/270/270 287/287/287 286/286/286
f 270/270/270 286/286/286 269/269/269
f 271/271/271 288/288/288 287/287/287
f 271/271/271 287/287/287 270/270/270
f 272/272/272 289/289/289 288/288/288
f 272/272/272 288/288/288 271/271/271
f 273/273/273 290/290/290 289/289/289
f 273/273/273 289/289/289 272/272/272
f 274/274/274 291/291/291 290/290/290
f 274/274/274 290/290/290 273/273/273
f 275/275/275 292/292/292 291/291/291
f 275/275/275 291/291/291 274/274/274
f 276/276/276 293/293/293 292/292/292
f 276/276/276 292/292/292 275/275/275
f 277/277/277 294/294/294 293/293/293
f 277/277/277 293/293/293 276/276/276
f 278/278/278 295/295/295 294/294/294
f 278/278/278 294/294/294 277/277/277
f 279/279/279 296/296/296 295/295/295
f 279/279/279 295/295/295 278/278/278
f 264/264/264 281/281/281 296/296/296
f 264/264/264 296/296/296 279/279/279
f 280/280/280 297/297/297 298/298/298
f 280/280/280 298/298/298 281/281/281
f 282/282/282 299/299/299 300/300/300
f 282/282/282 300/300/300 283/283/283
f 284/284/284 301/301/301 299/299/299
f 284/284/284 299/299/299 282/282/282
f 285/285/285 302/302/302 301/301/301
f 285/285/285 301/301/301 284/284/284
f 286/286/286 303/303/303 302/302/302
f 286/286/286 302/302/302 285/285/285
f 287/287/287 304/304/304 303/303/303
f 287/287/287 303/303/303 286/286/286
f 288/288/288 305/305/305 304/304/304
f 288/288/288 304/304/304 287/287/287
f 289/289/289 306/306/306 305/305/305
f 289/289/289 305/305/305 288/288/288
f 290/290/290 307/307/307 306/306/306
f 290/290/290 306/306/306 289/289/289
f 291/291/291 308/308/308 307/307/307
f 291/291/291 307/307/307 290/290/290
f 292/292/292 309/309/309 308/308/308
f 292/292/292 308/308/308 291/291/291
f 293/293/293 310/310/310 309/309/309
f 293/293/293 309/309/309 292/292/292
f 294/294/294 311/311/311 310/310/310
f 294/294/294 310/310/310 293/293/293
f 295/295/295 312/312/312 311/311/311
f 295/295/295 311/311/311 294/294/294
f 296/296/296 313/313/313 312/312/312
f 296/296/296 312/312/312 295/295/295
f 281/281/281 298/298/298 313/313/313
f 281/281/281 313/313/313 296/296/296
f 297/297/297 314/314/314 315/315/315
f 297/297/297 315/315/315 298/298/298
f 299/299/299 316/316/316 317/317/317
f 299/299/299 317/317/317 300/300/300
f 301/301/301 318/318/318 316/316/316
f 301/301/301 316/316/316 299/299/299
f 302/302/302 319/319/319 318/318/318
f 302/302/302 318/318/318 301/301/301
f 303/303/303 320/320/320 319/319/319
f 303/303/303 319/319/319 302/302/302
f 304/304/304 321/321/321 320/320/320
f 304/304/304 320/320/320 303/303/303
f 305/305/305 322/322/322 321/321/321
f 305/305/305 321/321/321 304/304/304
f 306/306/306 323/323/323 322/322/322
f 306/306/306 322/322/322 305/305/305
f 307/307/307 324/324/324 323/323/323
f 307/307/307 323/323/323 306/306/306
f 308/308/308 325/325/325 324/324/324
f 308/308/308 324/324/324 307/307/307
f 309/309/309 326/326/326 325/325/325
f 309/309/309 325/325/325 308/308/308
f 310/310/310 327/327/327 326/326/326
f 310/310/310 326/326/326 309/309/309
f 311/311/311 328/328/328 327/327/327
f 311/311/311 327/327/327 310/310/310
f 312/312/312 329/329/329 328/328/328
f 312/312/312 328/328/328 311/311/311
f 313/313/313 330/330/330 329/329/329
f 313/313/313 329/329/329 312/312/312
f 298/298/298 315/315/315 330/330/330
f 298/298/298 330/330/330 313/313/313
f 314/314/314 331/331/331 332/332/332
f 314/314/314 332/332/332 315/315/315
f 316/316/316 333/333/333 334/334/334
f 316/316/316 334/334/334 317/317/317
f 318/318/318 335/335/335 333/333/333
f 318/318/318 333/333/333 316/316/316
f 319/319/319 336/336/336 335/335/335
f 319/319/319 335/335/335 318/318/318
f 320/320/320 337/337/337 336/336/336
f 320/320/320 336/336/336 319/319/319
f 321/321/321 338/338/338 337/337/337
f 321/321/321 337/337/337 320/320/320
f 322/322/322 339/339/339 338/338/338
f 322/322/322 338/338/338 321/321/321
f 323/323/323 340/340/340 339/339/339
f 323/323/323 339/339/339 322/322/322
f 324/324/324 341/341/341 340/340/340
f 324/324/324 340/340/340 323/323/323
f 325/325/325 342/342/342 341/341/341
f 325/325/325 341/341/341 324/324/324
f 326/326/326 343/343/343 342/342/342
f 326/326/326 342/342/342 325/325/325
f 327/327/327 344/344/344 343/343/343
f 327/327/327 343/343/343 326/326/326
f 328/328/328 345/345/345 344/344/344
f 328/328/328 344/344/344 327/327/327
f 329/329/329 346/346/346 345/345/345
f 329/329/329 345/345/345 328/328/328
f 330/330/330 347/347/347 346/346/346
f 330/330/330 346/346/346 329/329/329
f 315/315/315 332/332/332 347/347/347
f 315/315/315 347/347/347 330/330/330
f 331/331/331 348/348/348 349/349/349
f 331/331/331 349/349/349 332/332/332
f 333/333/333 350/350/350 351/351/351
f 333/333/333 351/351/351 334/334/334
f 335/335/335 352/352/352 350/350/350
f 335/335/335 350/350/350 333/333/333
f 336/336/336 353/353/353 352/352/352
f 336/336/336 352/352/352 335/335/335
f 337/337/337 354/354/354 353/353/353
f 337/337/337 353/353/353 336/336/336
f 338/338/338 355/355/355 354/354/354
f 338/338/338 354/354/354 337/337/337
f 339/339/339 356/356/356 355/355/355
f 339/339/339 355/355/355 338/338/338
f 340/340/340 357/357/357 356/356/356
f 340/340/340 356/356/356 339/339/339
f 341/341/341 358/358/358 357/357/357
f 341/341/341 357/357/357 340/340/340
f 342/342/342 359/359/359 358/358/358
f 342/342/342 358/358/358 341/341/341
f 343/343/343 360/360/360 359/359/359
f 343/343/343 359/359/359 342/342/342
f 344/344/344 361/361/361 360/360/360
f 344/344/344 360/360/360 343/343/343
f 345/345/345 362/362/362 361/361/361
f 345/345/345 361/361/361 344/344/344
f 346/346/346 363/363/363 362/362/362
f 346/346/346 362/362/362 345/345/345
f 347/347/347 364/364/364 363/363/363
f 347/347/347 363/363/363 346/346/346
f 332/332/332 349/349/349 364/364/364
f 332/332/332 364/364/364 347/347/347
f 348/348/348 365/365/365 366/366/366
f 348/348/348 366/366/366 349/349/349
f 350/350/350 367/367/367 368/368/368
f 350/350/350 368/368/368 351/351/351
f 352/352/352 369/369/369 367/367/367
f 352/352/352 367/367/367 350/350/350
f 353/353/353 370/370/370 369/369/369
f 353/353/353 369/369/369 352/352/352
f 354/354/354 371/371/371 370/370/370
f 354/354/354 370/370/370 353/353/353
f 355/355/355 372/372/372 371/371/371
f 355/355/355 371/371/371 354/354/354
f 356/356/356 373/373/373 372/372/372
f 356/356/356 372/372/372 355/355/355
f 357/357/357 374/374/374 373/373/373
f 357/357/357 373/373/373 356/356/356
f 358/358/358 375/375/375 374/374/374
f 358/358/358 374/374/374 357/357/357
f 359/359/359 376/376/376 375/375/375
f 359/359/359 375/375/375 358/358/358
f 360/360/360 377/377/377 376/376/376
f 360/360/360 376/376/376 359/359/359
f 361/361/361 378/378/378 377/377/377
f 361/361/361 377/377/377 360/360/360
f 362/362/362 379/379/379 378/378/378
f 362/362/362 378/378/378 361/361/361
f 363/363/363 380/380/380 379/379/379
f 363/363/363 379/379/379 362/362/362
f 364/364/364 381/381/381 380/380/380
f 364/364/364 380/380/380 363/363/363
f 349/349/349 366/366/366 381/381/381
f 349/349/349 381/381/381 364/364/364
f 365/365/365 382/382/382 383/383/383
f 365/365/365 383/383/383 366/366/366
f 367/367/367 384/384/384 385/385/385
f 367/367/367 385/385/385 368/368/368
f 369/369/369 386/386/386 384/384/384
f 369/369/369 384/384/384 367/367/367
f 370/370/370 387/387/387 386/386/386
f 370/370/370 386/386/386 369/369/369
f 371/371/371 388/388/388 387/387/387
f 371/371/371 387/387/387 370/370/370
f 372/372/372 389/389/389 388/388/388
f 372/372/372 388/388/388 371/371/371
f 373/373/373 390/390/390 389/389/389
f 373/373/373 389/389/389 372/372/372
f 374/374/374 391/391/391 390/390/390
f 374/374/374 390/390/390 373/373/373
f 375/375/375 392/392/392 391/391/391
f 375/375/375 391/391/391 374/374/374
f 376/376/376 393/393/393 392/392/392
f 376/376/376 392/392/392 375/375/375
f 377/377/377 394/394/394 393/393/393
f 377/377/377 393/393/393 376/376/376
f 378/378/378 395/395/395 394/394/394
f 378/378/378 394/394/394 377/377/377
f 379/379/379 396/396/396 395/395/395
f 379/379/379 395/395/395 378/378/378
f 380/380/380 397/397/397 396/396/396
f 380/380/380 396/396/396 379/379/379
f 381/381/381 398/398/398 397/397/397
f 381/381/381 397/397/397 380/380/380
f 366/366/366 383/383/383 398/398/398
f 366/366/366 398/398/398 381/381/381
f 382/382/382 399/399/399 400/400/400
f 382/382/382 400/400/400 383/383/383
f 384/384/384 401/401/401 402/402/402
f 384/384/384 402/402/402 385/385/385
f 386/386/386 403/403/403 401/401/401
f 386/386/386 401/401/401 384/384/384
f 387/387/387 404/404/404 403/403/403
f 387/387/387 403/403/403 386/386/386
f 388/388/388 405/405/405 404/404/404
f 388/388/388 404/404/404 387/387/387
f 389/389/389 406/406/406 405/405/405
f 389/389/389 405/405/405 388/388/388
f 390/390/390 407/407/407 406/406/406
f 390/390/390 406/406/406 389/389/389
f 391/391/391 408/408/408 407/407/407
f 391/391/391 407/407/407 390/390/390
f 392/392/392 409/409/409 408/408/408
f 392/392/392 408/408/408 391/391/391
f 393/393/393 410/410/410 409/409/409
f 393/393/393 409/409/409 392/392/392
f 394/394/394 411/411/411 410/410/410
f 394/394/394 410/410/410 393/393/393
f 395/395/395 412/412/412 411/411/411
f 395/395/395 411/411/411 394/394/394
f 396/396/396 413/413/413 412/412/412
f 396/396/396 412/412/412 395/395/395
f 397/397/397 414/414/414 413/413/413
f 397/397/397 413/413/413 396/396/396
f 398/398/398 415/415/415 414/414/414
f 398/398/398 414/414/414 397/397/397
f 383/383/383 400/400/400 415/415/415
f 383/383/383 415/415/415 398/398/398
f 399/399/399 416/416/416 417/417/417
f 399/399/399 417/417/417 400/400/400
f 401/401/401 418/418/418 419/419/419
f 401/401/401 419/419/419 402/402/402
f 403/403/403 420/420/420 418/418/418
f 403/403/403 418/418/418 401/401/401
f 404/404/404 421/421/421 420/420/420
f 404/404/404 420/420/420 403/403/403
f 405/405/405 422/422/422 421/421/421
f 405/405/405 421/421/421 404/404/404
f 406/406/406 423/423/423 422/422/422
f 406/406/406 422/422/422 405/405/405
f 407/407/407 424/424/424 423/423/423
f 407/407/407 423/423/423 406/406/406
f 408/408/408 425/425/425 424/424/424
f 408/408/408 424/424/424 407/407/407
f 409/409/409 426/426/426 425/425/425
f 409/409/409 425/425/425 408/408/408
f 410/410/410 427/427/427 426/426/426
f 410/410/410 426/426/426 409/409/409
f 411/411/411 428/428/428 427/427/427
f 411/411/411 427/427/427 410/410/410
f 412/412/412 429/429/429 428/428/428
f 412/412/412 428/428/428 411/411/411
f 413/413/413 430/430/430 429/429/429
f 413/413/413 429/429/429 412/412/412
f 414/414/414 431/431/431 430/430/430
f 414/414/414 430/430/430 413/413/413
f 415/415/415 432/432/432 431/431/431
f 415/415/415 431/431/431 414/414/414
f 400/400/400 417/417/417 432/432/432
f 400/400/400 432/432/432 415/415/415
f 416/416/416 433/433/433 434/434/434
f 416/416/416 434/434/434 417/417/417
f 418/418/418 435/435/435 436/436/436
f 418/418/418 436/436/436 419/419/419
f 420/420/420 437/437/437 435/435/435
f 420/420/420 435/435/435 418/418/418
f 421/421/421 438/438/438 437/437/437
f 421/421/421 437/437/437 420/420/420
f 422/422/422 439/439/439 438/438/438
f 422/422/422 438/438/438 421/421/421
f 423/423/423 440/440/440 439/439/439
f 423/423/423 439/439/439 422/422/422
f 424/424/424 441/441/441 440/440/440
f 424/424/424 440/440/440 423/423/423
f 425/425/425 442/442/442 441/441/441
f 425/425/425 441/441/441 424/424/424
f 426/426/426 443/443/443 442/442/442
f 426/426/426 442/442/442 425/425/425
f 427/427/427 444/444/444 443/443/443
f 427/427/427 443/443/443 426/426/426
f 428/428/428 445/445/445 444/444/444
f 428/428/428 444/444/444 427/427/427
f 429/429/429 446/446/446 445/445/445
f 429/429/429 445/445/445 428/428/428
f 430/430/430 447/447/447 446/446/446
f 430/430/430 446/446/446 429/429/429
f 431/431/431 448/448/448 447/447/447
f 431/431/431 447/447/447 430/430/430
f 432/432/432 449/449/449 448/448/448
f 432/432/432 448/448/448 431/431/431
f 417/417/417 434/434/434 449/449/449
f 417/417/417 449/449/449 432/432/432
f 433/433/433 450/450/450 451/451/451
f 433/433/433 451/451/451 434/434/434
f 435/435/435 452/452/452 453/453/453
f 435/435/435 453/453/453 436/436/436
f 437/437/437 454/454/454 452/452/452
f 437/437/437 452/452/452 435/435/435
f 438/438/438 455/455/455 454/454/454
f 438/438/438 454/454/454 437/437/437
f 439/439/439 456/456/456 455/455/455
f 439/439/439 455/455/455 438/438/438
f 440/440/440 457/457/457 456/456/456
f 440/440/440 456/456/456 439/439/439
f 441/441/441 458/458/458 457/457/457
f 441/441/441 457/457/457 440/440/440
f 442/442/442 459/459/459 458/458/458
f 442/442/442 458/458/458 441/441/441
f 443/443/443 460/460/460 459/459/459
f 443/443/443 459/459/459 442/442/442
f 444/444/444 461/461/461 460/460/460
f 444/444/444 460/460/460 443/443/443
f 445/445/445 462/462/462 461/461/461
f 445/445/445 461/461/461 444/444/444
f 446/446/446 463/463/463 462/462/462
f 446/446/446 462/462/462 445/445/445
f 447/447/447 464/464/464 463/463/463
f 447/447/447 463/463/463 446/446/446
f 448/448/448 465/465/465 464/464/464
f 448/448/448 464/464/464 447/447/447
f 449/449/449 466/466/466 465/465/465
f 449/449/449 465/465/465 448/448/448
f 434/434/434 451/451/451 466/466/466
f 434/434/434 466/466/466 449/449/449
f 450/450/450 467/467/467 468/468/468
f 450/450/450 468/468/468 451/451/451
f 452/452/452 469/469/469 470/470/470
f 452/452/452 470/470/470 453/453/453
f 454/454/454 471/471/471 469/469/469
f 454/454/454 469/469/469 452/452/452
f 455/455/455 472/472/472 471/471/471
f 455/455/455 471/471/471 454/454/454
f 456/456/456 473/473/473 472/472/472
f 456/456/456 472/472/472 455/455/455
f 457/457/457 474/474/474 473/473/473
f 457/457/457 473/473/473 456/456/456
f 458/458/458 475/475/475 474/474/474
f 458/458/458 474/474/474 457/457/457
f 459/459/459 476/476/476 475/475/475
f 459/459/459 475/475/475 458/458/458
f 460/460/460 477/477/477 476/476/476
f 460/460/460 476/476/476 459/459/459
f 461/461/461 478/478/478 477/477/477
f 461/461/461 477/477/477 460/460/460
f 462/462/462 479/479/479 478/478/478
f 462/462/462 478/478/478 461/461/461
f 463/463/463 480/480/480 479/479/479
f 463/463/463 479/479/479 462/462/462
f 464/464/464 481/481/481 480/480/480
f 464/464/464 480/480/480 463/463/463
f 465/465/465 482/482/482 481/481/481
f 465/465/465 481/481/481 464/464/464
f 466/466/466 483/483/483 482/482/482
f 466/466/466 482/482/482 465/465/465
f 451/451/451 468/468/468 483/483/483
f 451/451/451 483/483/483 466/466/466
f 467/467/467 484/484/484 485/485/485
f 467/467/467 485/485/485 468/468/468
f 469/469/469 486/486/486 487/487/487
f 469/469/469 487/487/487 470/470/470
f 471/471/471 488/488/488 486/486/486
f 471/471/471 486/486/486 469/469/469
f 472/472/472 489/489/489 488/488/488
f 472/472/472 488/488/488 471/471/471
f 473/473/473 490/490/490 489/489/489
f 473/473/473 489/489/489 472/472/472
f 474/474/474 491/491/491 490/490/490
f 474/474/474 490/490/490 473/473/473
f 475/475/475 492/492/492 491/491/491
f 475/475/475 491/491/491 474/474/474
f 476/476/476 493/493/493 492/492/492
f 476/476/476 492/492/492 475/475/475
f 477/477/477 494/494/494 493/493/493
f 477/477/477 493/493/493 476/476/476
f 478/478/478 495/495/495 494/494/494
f 478/478/478 494/494/494 477/477/477
f 479/479/479 496/496/496 495/495/495
f 479/479/479 495/495/495 478/478/478
f 480/480/480 497/497/497 496/496/496
f 480/480/480 496/496/496 479/479/479
f 481/481/481 498/498/498 497/497/497
f 481/481/481 497/497/497 480/480/480
f 482/482/482 499/499/499 498/498/498
f 482/482/482 498/498/498 481/481/481
f 483/483/483 500/500/500 499/499/499
f 483/483/483 499/499/499 482/482/482
f 468/468/468 485/485/485 500/500/500
f 468/468/468 500/500/500 483/483/483
f 484/484/484 501/501/501 502/502/502
f 484/484/484 502/502/502 485/485/485
f 486/486/486 503/503/503 504/504/504
f 486/486/486 504/504/504 487/487/487
f 488/488/488 505/505/505 503/503/503
f 488/488/488 503/503/503 486/486/486
f 489/489/489 506/506/506 505/505/505
f 489/489/489 505/505/505 488/488/488
f 490/490/490 507/507/507 506/506/506
f 490/490/490 506/506/506 489/489/489
f 491/491/491 508/508/508 507/507/507
f 491/491/491 507/507/507 490/490/490
f 492/492/492 509/509/509 508/508/508
f 492/492/492 508/508/508 491/491/491
f 493/493/493 510/510/510 509/509/509
f 493/493/493 509/509/509 492/492/492
f 494/494/494 511/511/511 510/510/510
f 494/494/494 510/510/510 493/493/493
f 495/495/495 512/512/512 511/511/511
f 495/495/495 511/511/511 494/494/494
f 496/496/496 513/513/513 512/512/512
f 496/496/496 512/512/512 495/495/495
f 497/497/497 514/514/514 513/513/513
f 497/497/497 513/513/513 496/496/496
f 498/498/498 515/515/515 514/514/514
f 498/498/498 514/514/514 497/497/497
f 499/499/499 516/516/516 515/515/515
f 499/499/499 515/515/515 498/498/498
f 500/500/500 517/517/517 516/516/516
f 500/500/500 516/516/516 499/499/499
f 485/485/485 502/502/502 517/517/517
f 485/485/485 517/517/517 500/500/500
f 501/501/501 518/518/518 519/519/519
f 501/501/501 519/519/519 502/502/502
f 503/503/503 520/520/520 521/521/521
f 503/503/503 521/521/521 504/504/504
f 505/505/505 522/522/522 520/520/520
f 505/505/505 520/520/520 503/503/503
f 506/506/506 523/523/523 522/522/522
f 506/506/506 522/522/522 505/505/505
f 507/507/507 524/524/524 523/523/523
f 507/507/507 523/523/523 506/506/506
f 508/508/508 525/525/525 524/524/524
f 508/508/508 524/524/524 507/507/507
f 509/509/509 526/526/526 525/525/525
f 509/509/509 525/525/525 508/508/508
f 510/510/510 527/527/527 526/526/526
f 510/510/510 526/526/526 509/509/509
f 511/511/511 528/528/528 527/527/527
f 511/511/511 527/527/527 510/510/510
f 512/512/512 529/529/529 528/528/528
f 512/512/512 528/528/528 511/511/511
f 513/513/513 530/530/530 529/529/529
f 513/513/513 529/529/529 512/512/512
f 514/514/514 531/531/531 530/530/530
f 514/514/514 530/530/530 513/513/513
f 515/515/515 532/532/532 531/531/531
f 515/515/515 531/531/531 514/514/514
f 516/516/516 533/533/533 532/532/532
f 516/516/516 532/532/532 515/515/515
f 517/517/517 534/534/534 533/533/533
f 517/517/517 533/533/533 516/516/516
f 502/502/502 519/519/519 534/534/534
f 502/502/502 534/534/534 517/517/517
f 518/518/518 535/535/535 536/536/536
f 518/518/518 536/536/536 519/519/519
f 520/520/520 537/537/537 538/538/538
f 520/520/520 538/538/538 521/521/521
f 522/522/522 539/539/539 537/537/537
f 522/522/522 537/537/537 520/520/520
f 523/523/523 540/540/540 539/539/539
f 523/523/523 539/539/539 522/522/522
f 524/524/524 541/541/541 540/540/540
f 524/524/524 540/540/540 523/523/523
f 525/525/525 542/542/542 541/541/541
f 525/525/525 541/541/541 524/524/524
f 526/526/526 543/543/543 542/542/542
f 526/526/526 542/542/542 525/525/525
f 527/527/527 544/544/544 543/543/543
f 527/527/527 543/543/543 526/526/526
f 528/528/528 545/545/545 544/544/544
f 528/528/528 544/544/544 527/527/527
f 529/529/529 546/546/546 545/545/545
f 529/529/529 545/545/545 528/528/528
f 530/530/530 547/547/547 546/546/546
f 530/530/530 546/546/546 529/529/529
f 531/531/531 548/548/548 547/547/547
f 531/531/531 547/547/547 530/530/530
f 532/532/532 549/549/549 548/548/548
f 532/532/532 548/548/548 531/531/531
f 533/533/533 550/550/550 549/549/549
f 533/533/533 549/549/549 532/532/532
f 534/534/534 551/551/551 550/550/550
f 534/534/534 550/550/550 533/533/533
f 519/519/519 536/536/536 551/551/551
f 519/519/519 551/551/551 534/534/534
f 535/535/535 552/552/552 553/553/553
f 535/535/535 553/553/553 536/536/536
f 537/537/537 554/554/554 555/555/555
f 537/537/537 555/555/555 538/538/538
f 539/539/539 556/556/556 554/554/554
f 539/539/539 554/554/554 537/537/537
f 540/540/540 557/557/557 556/556/556
f 540/540/540 556/556/556 539/539/539
f 541/541/541 558/558/558 557/557/557
f 541/541/541 557/557/557 540/540/540
f 542/542/542 559/559/559 558/558/558
f 542/542/542 558/558/558 541/541/541
f 543/543/543 560/560/560 559/559/559
f 543/543/543 559/559/559 542/542/542
f 544/544/544 561/561/561 560/560/560
f 544/544/544 560/560/560 543/543/543
f 545/545/545 562/562/562 561/561/561
f 545/545/545 561/561/561 544/544/544
f 546/546/546 563/563/563 562/562/562
f 546/546/546 562/562/562 545/545/545
f 547/547/547 564/564/564 563/563/563
f 547/547/547 563/563/563 546/546/546
f 548/548/548 565/565/565 564/564/564
f 548/548/548 564/564/564 547/547/547
f 549/549/549 566/566/566 565/565/565
f 549/549/549 565/565/565 548/548/548
f 550/550/550 567/567/567 566/566/566
f 550/550/550 566/566/566 549/549/549
f 551/551/551 568/568/568 567/567/567
f 551/551/551 567/567/567 550/550/550
f 536/536/536 553/553/553 568/568/568
f 536/536/536 568/568/568 551/551/551
f 552/552/552 569/569/569 570/570/570
f 552/552/552 570/570/570 553/553/553
f 554/554/554 571/571/571 572/572/572
f 554/554/554 572/572/572 555/555/555
f 556/556/556 573/573/573 571/571/571
f 556/556/556 571/571/571 554/554/554
f 557/557/557 574/574/574 573/573/573
f 557/557/557 573/573/573 556/556/556
f 558/558/558 575/575/575 574/574/574
f 558/558/558 574/574/574 557/557/557
f 559/559/559 576/576/576 575/575/575
f 559/559/559 575/575/575 558/558/558
f 560/560/560 577/577/577 576/576/576
f 560/560/560 576/576/576 559/559/559
f 561/561/561 578/578/578 577/577/577
f 561/561/561 577/577/577 560/560/560
f 562/562/562 579/579/579 578/578/578
f 562/562/562 578/578/578 561/561/561
f 563/563/563 580/580/580 579/579/579
f 563/563/563 579/579/579 562/562/562
f 564/564/564 581/581/581 580/580/580
f 564/564/564 580/580/580 563/563/563
f 565/565/565 582/582/582 581/581/581
f 565/565/565 581/581/581 564/564/564
f 566/566/566 583/583/583 582/582/582
f 566/566/566 582/582/582 565/565/565
f 567/567/567 584/584/584 583/583/583
f 567/567/567 583/583/583 566/566/566
f 568/568/568 585/585/585 584/584/584
f 568/568/568 584/584/584 567/567/567
f 553/553/553 570/570/570 585/585/585
f 553/553/553 585/585/585 568/568/568
f 569/569/569 586/586/586 587/587/587
f 569/569/569 587/587/587 570/570/570
f 571/571/571 588/588/588 589/589/589
f 571/571/571 589/589/589 572/572/572
f 573/573/573 590/590/590 588/588/588
f 573/573/573 588/588/588 571/571/571
f 574/574/574 591/591/591 590/590/590
f 574/574/574 590/590/590 573/573/573
f 575/575/575 592/592/592 591/591/591
f 575/575/575 591/591/591 574/574/574
f 576/576/576 593/593/593 592/592/592
f 576/576/576 592/592/592 575/575/575
f 577/577/577 594/594/594 593/593/593
f 577/577/577 593/593/593 576/576/576
f 578/578/578 595/595/595 594/594/594
f 578/578/578 594/594/594 577/577/577
f 579/579/579 596/596/596 595/595/595
f 579/579/579 595/595/595 578/578/578
f 580/580/580 597/597/597 596/596/596
f 580/580/580 596/596/596 579/579/579
f 581/581/581 598/598/598 597/597/597
f 581/581/581 597/597/597 580/580/580
f 582/582/582 599/599/599 598/598/598
f 582/582/582 598/598/598 581/581/581
f 583/583/583 600/600/600 599/599/599
f 583/583/583 599/599/599 582/582/582
f 584/584/584 601/601/601 600/600/600
f 584/584/584 600/600/600 583/583/583
f 585/585/585 602/602/602 601/601/601
f 585/585/585 601/601/601 584/584/584
f 570/570/570 587/587/587 602/602/602
f 570/570/570 602/602/602 585/585/585
f 586/586/586 603/603/603 604/604/604
f 586/586/586 604/604/604 587/587/587
f 588/588/588 605/605/605 606/606/606
f 588/588/588 606/606/606 589/589/589
f 590/590/590 607/607/607 605/605/605
f 590/590/590 605/605/605 588/588/588
f 591/591/591 608/608/608 607/607/607
f 591/591/591 607/607/607 590/590/590
f 592/592/592 609/609/609 608/608/608
f 592/592/592 608/608/608 591/591/591
f 593/593/593 610/610/610 609/609/609
f 593/593/593 609/609/609 592/592/592
f 594/594/594 611/611/611 610/610/610
f 594/594/594 610/610/610 593/593/593
f 595/595/595 612/612/612 611/611/611
f 595/595/595 611/611/611 594/594/594
f 596/596/596 613/613/613 612/612/612
f 596/596/596 612/612/612 595/595/595
f 597/597/597 614/614/614 613/613/613
f 597/597/597 613/613/613 596/596/596
f 598/598/598 615/615/615 614/614/614
f 598/598/598 614/614/614 597/597/597
f 599/599/599 616/616/616 615/615/615
f 599/599/599 615/615/615 598/598/598
f 600/600/600 617/617/617 616/616/616
f 600/600/600 616/616/616 599/599/599
f 601/601/601 618/618/618 617/617/617
f 601/601/601 617/617/617 600/600/600
f 602/602/602 619/619/619 618/618/618
f 602/602/602 618/618/618 601/601/601
f 587/587/587 604/604/604 619/619/619
f 587/587/587 619/619/619 602/602/602
f 603/603/603 620/620/620 621/621/621
f 603/603/603 621/621/621 604/604/604
f 605/605/605 622/622/622 623/623/623
f 605/605/605 623/623/623 606/606/606
f 607/607/607 624/624/624 622/622/622
f 607/607/607 622/622/622 605/605/605
f 608/608/608 625/625/625 624/624/624
f 608/608/608 624/624/624 607/607/607
f 609/609/609 626/626/626 625/625/625
f 609/609/609 625/625/625 608/608/608
f 610/610/610 627/627/627 626/626/626
f 610/610/610 626/626/626 609/609/609
f 611/611/611 628/628/628 627/627/627
f 611/611/611 627/627/627 610/610/610
f 612/612/612 629/629/629 628/628/628
f 612/612/612 628/628/628 611/611/611
f 613/613/613 630/630/630 629/629/629
f 613/613/613 629/629/629 612/612/612
f 614/614/614 631/631/631 630/630/630
f 614/614/614 630/630/630 613/613/613
f 615/615/615 632/632/632 631/631/631
f 615/615/615 631/631/631 614/614/614
f 616/616/616 633/633/633 632/632/632
f 616/616/616 632/632/632 615/615/615
f 617/617/617 634/634/634 633/633/633
f 617/617/617 633/633/633 616/616/616
f 618/618/618 635/635/635 634/634/634
f 618/618/618 634/634/634 617/617/617
f 619/619/619 636/636/636 635/635/635
f 619/619/619 635/635/635 618/618/618
f 604/604/604 621/621/621 636/636/636
f 604/604/604 636/636/636 619/619/619
f 620/620/620 637/637/637 638/638/638
f 620/620/620 638/638/638 621/621/621
f 622/622/622 639/639/639 640/640/640
f 622/622/622 640/640/640 623/623/623
f 624/624/624 641/641/641 639/639/639
f 624/624/624 639/639/639 622/622/622
f 625/625/625 642/642/642 641/641/641
f 625/625/625 641/641/641 624/624/624
f 626/626/626 643/643/643 642/642/642
f 626/626/626 642/642/642 625/625/625
f 627/627/627 644/644/644 643/643/643
f 627/627/627 643/643/643 626/626/626
f 628/628/628 645/645/645 644/644/644
f 628/628/628 644/644/644 627/627/627
f 629/629/629 646/646/646 645/645/645
f 629/629/629 645/645/645 628/628/628
f 630/630/630 647/647/647 646/646/646
f 630/630/630 646/646/646 629/629/629
f 631/631/631 648/648/648 647/647/647
f 631/631/631 647/647/647 630/630/630
f 632/632/632 649/649/649 648/648/648
f 632/632/632 648/648/648 631/631/631
f 633/633/633 650/650/650 649/649/649
f 633/633/633 649/649/649 632/632/632
f 634/634/634 651/651/651 650/650/650
f 634/634/634 650/650/650 633/633/633
f 635/635/635 652/652/652 651/651/651
f 635/635/635 651/651/651 634/634/634
f 636/636/636 653/653/653 652/652/652
f 636/636/636 652/652/652 635/635/635
f 621/621/621 638/638/638 653/653/653
f 621/621/621 653/653/653 636/636/636
f 637/637/637 654/654/654 655/655/655
f 637/637/637 655/655/655 638/638/638
f 639/639/639 656/656/656 657/657/657
f 639/639/639 657/657/657 640/640/640
f 641/641/641 658/658/658 656/656/656
f 641/641/641 656/656/656 639/639/639
f 642/642/642 659/659/659 658/658/658
f 642/642/642 658/658/658 641/641/641
f 643/643/643 660/660/660 659/659/659
f 643/643/643 659/659/659 642/642/642
f 644/644/644 661/661/661 660/660/660
f 644/644/644 660/660/660 643/643/643
f 645/645/645 662/662/662 661/661/661
f 645/645/645 661/661/661 644/644/644
f 646/646/646 663/663/663 662/662/662
f 646/646/646 662/662/662 645/645/645
f 647/647/647 664/664/664 663/663/663
f 647/647/647 663/663/663 646/646/646
f 648/648/648 665/665/665 664/664/664
f 648/648/648 664/664/664 647/647/647
f 649/649/649 666/666/666 665/665/665
f 649/649/649 665/665/665 648/648/648
f 650/650/650 667/667/667 666/666/666
f 650/650/650 666/666/666 649/649/649
f 651/651/651 668/668/668 667/667/667
f 651/651/651 667/667/667 650/650/650
f 652/652/652 669/669/669 668/668/668
f 652/652/652 668/668/668 651/651/651
f 653/653/653 670/670/670 669/669/669
f 653/653/653 669/669/669 652/652/652
f 638/638/638 655/655/655 670/670/670
f 638/638/638 670/670/670 653/653/653
f 654/654/654 671/671/671 672/672/672
f 654/654/654 672/672/672 655/655/655
f 656/656/656 673/673/673 674/674/674
f 656/656/656 674/674/674 657/657/657
f 658/658/658 675/675/675 673/673/673
f 658/658/658 673/673/673 656/656/656
f 659/659/659 676/676/676 675/675/675
f 659/659/659 675/675/675 658/658/658
f 660/660/660 677/677/677 676/676/676
f 660/660/660 676/676/676 659/659/659
f 661/661/661 678/678/678 677/677/677
f 661/661/661 677/677/677 660/660/660
f 662/662/662 679/679/679 678/678/678
f 662/662/662 678/678/678 661/661/661
f 663/663/663 680/680/680 679/679/679
f 663/663/663 679/679/679 662/662/662
f 664/664/664 681/681/681 680/680/680
f 664/664/664 680/680/680 663/663/663
f 665/665/665 682/682/682 681/681/681
f 665/665/665 681/681/681 664/664/664
f 666/666/666 683/683/683 682/682/682
f 666/666/666 682/682/682 665/665/665
f 667/667/667 684/684/684 683/683/683
f 667/667/667 683/683/683 666/666/666
f 668/668/668 685/685/685 684/684/684
f 668/668/668 684/684/684 667/667/667
f 669/669/669 686/686/686 685/685/685
f 669/669/669 685/685/685 668/668/668
f 670/670/670 687/687/687 686/686/686
f 670/670/670 686/686/686 669/669/669
f 655/655/655 672/672/672 687/687/687
f 655/655/655 687/687/687 670/670/670
f 671/671/671 688/688/688 689/689/689
f 671/671/671 689/689/689 672/672/672
f 673/673/673 690/690/690 691/691/691
f 673/673/673 691/691/691 674/674/674
f 675/675/675 692/692/692 690/690/690
f 675/675/675 690/690/690 673/673/673
f 676/676/676 693/693/693 692/692/692
f 676/676/676 692/692/692 675/675/675
f 677/677/677 694/694/694 693/693/693
f 677/677/677 693/693/693 676/676/676
f 678/678/678 695/695/695 694/694/694
f 678/678/678 694/694/694 677/677/677
f 679/679/679 696/696/696 695/695/695
f 679/679/679 695/695/695 678/678/678
f 680/680/680 697/697/697 696/696/696
f 680/680/680 696/696/696 679/679/679
f 681/681/681 698/698/698 697/697/697
f 681/681/681 697/697/697 680/680/680
f 682/682/682 699/699/699 698/698/698
f 682/682/682 698/698/698 681/681/681
f 683/683/683 700/700/700 699/699/699
f 683/683/683 699/699/699 682/682/682
f 684/684/684 701/701/701 700/700/700
f 684/684/684 700/700/700 683/683/683
f 685/685/685 702/702/702 701/701/701
f 685/685/685 701/701/701 684/684/684
f 686/686/686 703/703/703 702/702/702
f 686/686/686 702/702/702 685/685/685
f 687/687/687 704/704/704 703/703/703
f 687/687/687 703/703/703 686/686/686
f 672/672/672 689/689/689 704/704/704
f 672/672/672 704/704/704 687/687/687
f 688/688/688 705/705/705 706/706/706
f 688/688/688 706/706/706 689/689/689
f 690/690/690 707/707/707 708/708/708
f 690/690/690 708/708/708 691/691/691
f 692/692/692 709/709/709 707/707/707
f 692/692/692 707/707/707 690/690/690
f 693/693/693 710/710/710 709/709/709
f 693/693/693 709/709/709 692/692/692
f 694/694/694 711/711/711 710/710/710
f 694/694/694 710/710/710 693/693/693
f 695/695/695 712/712/712 711/711/711
f 695/695/695 711/711/711 694/694/694
f 696/696/696 713/713/713 712/712/712
f 696/696/696 712/712/712 695/695/695
f 697/697/697 714/714/714 713/713/713
f 697/697/697 713/713/713 696/696/696
f 698/698/698 715/715/715 714/714/714
f 698/698/698 714/714/714 697/697/697
f 699/699/699 716/716/716 715/715/715
f 699/699/699 715/715/715 698/698/698
f 700/700/700 717/717/717 716/716/716
f 700/700/700 716/716/716 699/699/699
f 701/701/701 718/718/718 717/717/717
f 701/701/701 717/717/717 700/700/700
f 702/702/702 719/719/719 718/718/718
f 702/702/702 718/718/718 701/701/701
f 703/703/703 720/720/720 719/719/719
f 703/703/703 719/719/719 702/702/702
f 704/704/704 721/721/721 720/720/720
f 704/704/704 720/720/720 703/703/703
f 689/689/689 706/706/706 721/721/721
f 689/689/689 721/721/721 704/704/704
f 705/705/705 722/722/722 723/723/723
f 705/705/705 723/723/723 706/706/706
f 707/707/707 724/724/724 725/725/725
f 707/707/707 725/725/725 708/708/708
f 709/709/709 726/726/726 724/724/724
f 709/709/709 724/724/724 707/707/707
f 710/710/710 727/727/727 726/726/726
f 710/710/710 726/726/726 709/709/709
f 711/711/711 728/728/728 727/727/727
f 711/711/711 727/727/727 710/710/710
f 712/712/712 729/729/729 728/728/728
f 712/712/712 728/728/728 711/711/711
f 713/713/713 730/730/730 729/729/729
f 713/713/713 729/729/729 712/712/712
f 714/714/714 731/731/731 730/730/730
f 714/714/714 730/730/730 713/713/713
f 715/715/715 732/732/732 731/731/731
f 715/715/715 731/731/731 714/714/714
f 716/716/716 733/733/733 732/732/732
f 716/716/716 732/732/732 715/715/715
f 717/717/717 734/734/734 733/733/733
f 717/717/717 733/733/733 716/716/716
f 718/718/718 735/735/735 734/734/734
f 718/718/718 734/734/734 717/717/717
f 719/719/719 736/736/736 735/735/735
f 719/719/719 735/735/735 718/718/718
f 720/720/720 737/737/737 736/736/736
f 720/720/720 736/736/736 719/719/719
f 721/721/721 738/738/738 737/737/737
f 721/721/721 737/737/737 720/720/720
f 706/706/706 723/723/723 738/738/738
f 706/706/706 738/738/738 721/721/721
f 722/722/722 739/739/739 740/740/740
f 722/722/722 740/740/740 723/723/723
f 724/724/724 741/741/741 742/742/742
f 724/724/724 742/742/742 725/725/725
f 726/726/726 743/743/743 741/741/741
f 726/726/726 741/741/741 724/724/724
f 727/727/727 744/744/744 743/743/743
f 727/727/727 743/743/743 726/726/726
f 728/728/728 745/745/745 744/744/744
f 728/728/728 744/744/744 727/727/727
f 729/729/729 746/746/746 745/745/745
f 729/729/729 745/745/745 728/728/728
f 730/730/730 747/747/747 746/746/746
f 730/730/730 746/746/746 729/729/729
f 731/731/731 748/748/748 747/747/747
f 731/731/731 747/747/747 730/730/730
f 732/732/732 749/749/749 748/748/748
f 732/732/732 748/748/748 731/731/731
f 733/733/733 750/750/750 749/749/749
f 733/733/733 749/749/749 732/732/732
f 734/734/734 751/751/751 750/750/750
f 734/734/734 750/750/750 733/733/733
f 735/735/735 752/752/752 751/751/751
f 735/735/735 751/751/751 734/734/734
f 736/736/736 753/753/753 752/752/752
f 736/736/736 752/752/752 735/735/735
f 737/737/737 754/754/754 753/753/753
f 737/737/737 753/753/753 736/736/736
f 738/738/738 755/755/755 754/754/754
f 738/738/738 754/754/754 737/737/737
f 723/723/723 740/740/740 755/755/755
f 723/723/723 755/755/755 738/738/738
f 739/739/739 756/756/756 757/757/757
f 739/739/739 757/757/757 740/740/740
f 741/741/741 758/758/758 759/759/759
f 741/741/741 759/759/759 742/742/742
f 743/743/743 760/760/760 758/758/758
f 743/743/743 758/758/758 741/741/741
f 744/744/744 761/761/761 760/760/760
f 744/744/744 760/760/760 743/743/743
f 745/745/745 762/762/762 761/761/761
f 745/745/745 761/761/761 744/744/744
f 746/746/746 763/763/763 762/762/762
f 746/746/746 762/762/762 745/745/745
f 747/747/747 764/764/764 763/763/763
f 747/747/747 763/763/763 746/746/746
f 748/748/748 765/765/765 764/764/764
f 748/748/748 764/764/764 747/747/747
f 749/749/749 766/766/766 765/765/765
f 749/749/749 765/765/765 748/748/748
f 750/750/750 767/767/767 766/766/766
f 750/750/750 766/766/766 749/749/749
f 751/751/751 768/768/768 767/767/767
f 751/751/751 767/767/767 750/750/750
f 752/752/752 769/769/769 768/768/768
f 752/752/752 768/768/768 751/751/751
f 753/753/753 770/770/770 769/769/769
f 753/753/753 769/769/769 752/752/752
f 754/754/754 771/771/771 770/770/770
f 754/754/754 770/770/770 753/753/753
f 755/755/755 772/772/772 771/771/771
f 755/755/755 771/771/771 754/754/754
f 740/740/740 757/757/757 772/772/772
f 740/740/740 772/772/772 755/755/755
f 756/756/756 773/773/773 774/774/774
f 756/756/756 774/774/774 757/757/757
f 758/758/758 775/775/775 776/776/776
f 758/758/758 776/776/776 759/759/759
f 760/760/760 777/777/777 775/775/775
f 760/760/760 775/775/775 758/758/758
f 761/761/761 778/778/778 777/777/777
f 761/761/761 777/777/777 760/760/760
f 762/762/762 779/779/779 778/778/778
f 762/762/762 778/778/778 761/761/761
f 763/763/763 780/780/780 779/779/779
f 763/763/763 779/779/779 762/762/762
f 764/764/764 781/781/781 780/780/780
f 764/764/764 780/780/780 763/763/763
f 765/765/765 782/782/782 781/781/781
f 765/765/765 781/781/781 764/764/764
f 766/766/766 783/783/783 782/782/782
f 766/766/766 782/782/782 765/765/765
f 767/767/767 784/784/784 783/783/783
f 767/767/767 783/783/783 766/766/766
f 768/768/768 785/785/785 784/784/784
f 768/768/768 784/784/784 767/767/767
f 769/769/769 786/786/786 785/785/785
f 769/769/769 785/785/785 768/768/768
f 770/770/770 787/787/787 786/786/786
f 770/770/770 786/786/786 769/769/769
f 771/771/771 788/788/788 787/787/787
f 771/771/771 787/787/787 770/770/770
f 772/772/772 789/789/789 788/788/788
f 772/772/772 788/788/788 771/771/771
f 757/757/757 774/774/774 789/789/789
f 757/757/757 789/789/789 772/772/772
f 773/773/773 790/790/790 791/791/791
f 773/773/773 791/791/791 774/774/774
f 775/775/775 792/792/792 793/793/793
f 775/775/775 793/793/793 776/776/776
f 777/777/777 794/794/794 792/792/792
f 777/777/777 792/792/792 775/775/775
f 778/778/778 795/795/795 794/794/794
f 778/778/778 794/794/794 777/777/777
f 779/779/779 796/796/796 795/795/795
f 779/779/779 795/795/795 778/778/778
f 780/780/780 797/797/797 796/796/796
f 780/780/780 796/796/796 779/779/779
f 781/781/781 798/798/798 797/797/797
f 781/781/781 797/797/797 780/780/780
f 782/782/782 799/799/799 798/798/798
f 782/782/782 798/798/798 781/781/781
f 783/783/783 800/800/800 799/799/799
f 783/783/783 799/799/799 782/782/782
f 784/784/784 801/801/801 800/800/800
f 784/784/784 800/800/800 783/783/783
f 785/785/785 802/802/802 801/801/801
f 785/785/785 801/801/801 784/784/784
f 786/786/786 803/803/803 802/802/802
f 786/786/786 802/802/802 785/785/785
f 787/787/787 804/804/804 803/803/803
f 787/787/787 803/803/803 786/786/786
f 788/788/788 805/805/805 804/804/804
f 788/788/788 804/804/804 787/787/787
f 789/789/789 806/806/806 805/805/805
f 789/789/789 805/805/805 788/788/788
f 774/774/774 791/791/791 806/806/806
f 774/774/774 806/806/806 789/789/789
f 790/790/790 807/807/807 808/808/808
f 790/790/790 808/808/808 791/791/791
f 792/792/792 809/809/809 810/810/810
f 792/792/792 810/810/810 793/793/793
f 794/794/794 811/811/811 809/809/809
f 794/794/794 809/809/809 792/792/792
f 795/795/795 812/812/812 811/811/811
f 795/795/795 811/811/811 794/794/794
f 796/796/796 813/813/813 812/812/812
f 796/796/796 812/812/812 795/795/795
f 797/797/797 814/814/814 813/813/813
f 797/797/797 813/813/813 796/796/796
f 798/798/798 815/815/815 814/814/814
f 798/798/798 814/814/814 797/797/797
f 799/799/799 816/816/816 815/815/815
f 799/799/799 815/815/815 798/798/798
f 800/800/800 817/817/817 816/816/816
f 800/800/800 816/816/816 799/799/799
f 801/801/801 818/818/818 817/817/817
f 801/801/801 817/817/817 800/800/800
f 802/802/802 819/819/819 818/818/818
f 802/802/802 818/818/818 801/801/801
f 803/803/803 820/820/820 819/819/819
f 803/803/803 819/819/819 802/802/802
f 804/804/804 821/821/821 820/820/820
f 804/804/804 820/820/820 803/803/803
f 805/805/805 822/822/822 821/821/821
f 805/805/805 821/821/821 804/804/804
f 806/806/806 823/823/823 822/822/822
f 806/806/806 822/822/822 805/805/805
f 791/791/791 808/808/808 823/823/823
f 791/791/791 823/823/823 806/806/806
f 807/807/807 824/824/824 825/825/825
f 807/807/807 825/825/825 808/808/808
f 809/809/809 826/826/826 827/827/827
f 809/809/809 827/827/827 810/810/810
f 811/811/811 828/828/828 826/826/826
f 811/811/811 826/826/826 809/809/809
f 812/812/812 829/829/829 828/828/828
f 812/812/812 828/828/828 811/811/811
f 813/813/813 830/830/830 829/829/829
f 813/813/813 829/829/829 812/812/812
f 814/814/814 831/831/831 830/830/830
f 814/814/814 830/830/830 813/813/813
f 815/815/815 832/832/832 831/831/831
f 815/815/815 831/831/831 814/814/814
f 816/816/816 833/833/833 832/832/832
f 816/816/816 832/832/832 815/815/815
f 817/817/817 834/834/834 833/833/833
f 817/817/817 833/833/833 816/816/816
f 818/818/818 835/835/835 834/834/834
f 818/818/818 834/834/834 817/817/817
f 819/819/819 836/836/836 835/835/835
f 819/819/819 835/835/835 818/818/818
f 820/820/820 837/837/837 836/836/836
f 820/820/820 836/836/836 819/819/819
f 821/821/821 838/838/838 837/837/837
f 821/821/821 837/837/837 820/820/820
f 822/822/822 839/839/839 838/838/838
f 822/822/822 838/838/838 821/821/821
f 823/823/823 840/840/840 839/839/839
f 823/823/823 839/839/839 822/822/822
f 808/808/808 825/825/825 840/840/840
f 808/808/808 840/840/840 823/823/823
f 824/824/824 841/841/841 842/842/842
f 824/824/824 842/842/842 825/825/825
f 826/826/826 843/843/843 844/844/844
f 826/826/826 844/844/844 827/827/827
f 828/828/828 845/845/845 843/843/843
f 828/828/828 843/843/843 826/826/826
f 829/829/829 846/846/846 845/845/845
f 829/829/829 845/845/845 828/828/828
f 830/830/830 847/847/847 846/846/846
f 830/830/830 846/846/846 829/829/829
f 831/831/831 848/848/848 847/847/847
f 831/831/831 847/847/847 830/830/830
f 832/832/832 849/849/849 848/848/848
f 832/832/832 848/848/848 831/831/831
f 833/833/833 850/850/850 849/849/849
f 833/833/833 849/849/849 832/832/832
f 834/834/834 851/851/851 850/850/850
f 834/834/834 850/850/850 833/833/833
f 835/835/835 852/852/852 851/851/851
f 835/835/835 851/851/851 834/834/834
f 836/836/836 853/853/853 852/852/852
f 836/836/836 852/852/852 835/835/835
f 837/837/837 854/854/854 853/853/853
f 837/837/837 853/853/853 836/836/836
f 838/838/838 855/855/855 854/854/854
f 838/838/838 854/854/854 837/837/837
f 839/839/839 856/856/856 855/855/855
f 839/839/839 855/855/855 838/838/838
f 840/840/840 857/857/857 856/856/856
f 840/840/840 856/856/856 839/839/839
f 825/825/825 842/842/842 857/857/857
f 825/825/825 857/857/857 840/840/840
f 841/841/841 858/858/858 859/859/859
f 841/841/841 859/859/859 842/842/842
f 843/843/843 860/860/860 861/861/861
f 843/843/843 861/861/861 844/844/844
f 845/845/845 862/862/862 860/860/860
f 845/845/845 860/860/860 843/843/843
f 846/846/846 863/863/863 862/862/862
f 846/846/846 862/862/862 845/845/845
f 847/847/847 864/864/864 863/863/863
f 847/847/847 863/863/863 846/846/846
f 848/848/848 865/865/865 864/864/864
f 848/848/848 864/864/864 847/847/847
f 849/849/849 866/866/866 865/865/865
f 849/849/849 865/865/865 848/848/848
f 850/850/850 867/867/867 866/866/866
f 850/850/850 866/866/866 849/849/849
f 851/851/851 868/868/868 867/867/867
f 851/851/851 867/867/867 850/850/850
f 852/852/852 869/869/869 868/868/868
f 852/852/852 868/868/868 851/851/851
f 853/853/853 870/870/870 869/869/869
f 853/853/853 869/869/869 852/852/852
f 854/854/854 871/871/871 870/870/870
f 854/854/854 870/870/870 853/853/853
f 855/855/855 872/872/872 871/871/871
f 855/855/855 871/871/871 854/854/854
f 856/856/856 873/873/873 872/872/872
f 856/856/856 872/872/872 855/855/855
f 857/857/857 874/874/874 873/873/873
f 857/857/857 873/873/873 856/856/856
f 842/842/842 859/859/859 874/874/874
f 842/842/842 874/874/874 857/857/857
f 858/858/858 875/875/875 876/876/876
f 858/858/858 876/876/876 859/859/859
f 860/860/860 877/877/877 878/878/878
f 860/860/860 878/878/878 861/861/861
f 862/862/862 879/879/879 877/877/877
f 862/862/862 877/877/877 860/860/860
f 863/863/863 880/880/880 879/879/879
f 863/863/863 879/879/879 862/862/862
f 864/864/864 881/881/881 880/880/880
f 864/864/864 880/880/880 863/863/863
f 865/865/865 882/882/882 881/881/881
f 865/865/865 881/881/881 864/864/864
f 866/866/866 883/883/883 882/882/882
f 866/866/866 882/882/882 865/865/865
f 867/867/867 884/884/884 883/883/883
f 867/867/867 883/883/883 866/866/866
f 868/868/868 885/885/885 884/884/884
f 868/868/868 884/884/884 867/867/867
f 869/869/869 886/886/886 885/885/885
f 869/869/869 885/885/885 868/868/868
f 870/870/870 887/887/887 886/886/886
f 870/870/870 886/886/886 869/869/869
f 871/871/871 888/888/888 887/887/887
f 871/871/871 887/887/887 870/870/870
f 872/872/872 889/889/889 888/888/888
f 872/872/872 888/888/888 871/871/871
f 873/873/873 890/890/890 889/889/889
f 873/873/873 889/889/889 872/872/872
f 874/874/874 891/891/891 890/890/890
f 874/874/874 890/890/890 873/873/873
f 859/859/859 876/876/876 891/891/891
f 859/859/859 891/891/891 874/874/874
f 875/875/875 892/892/892 893/893/893
f 875/875/875 893/893/893 876/876/876
f 877/877/877 894/894/894 895/895/895
f 877/877/877 895/895/895 878/878/878
f 879/879/879 896/896/896 894/894/894
f 879/879/879 894/894/894 877/877/877
f 880/880/880 897/897/897 896/896/896
f 880/880/880 896/896/896 879/879/879
f 881/881/881 898/898/898 897/897/897
f 881/881/881 897/897/897 880/880/880
f 882/882/882 899/899/899 898/898/898
f 882/882/882 898/898/898 881/881/881
f 883/883/883 900/900/900 899/899/899
f 883/883/883 899/899/899 882/882/882
f 884/884/884 901/901/901 900/900/900
f 884/884/884 900/900/900 883/883/883
f 885/885/885 902/902/902 901/901/901
f 885/885/885 901/901/901 884/884/884
f 886/886/886 903/903/903 902/902/902
f 886/886/886 902/902/902 885/885/885
f 887/887/887 904/904/904 903/903/903
f 887/887/887 903/903/903 886/886/886
f 888/888/888 905/905/905 904/904/904
f 888/888/888 904/904/904 887/887/887
f 889/889/889 906/906/906 905/905/905
f 889/889/889 905/905/905 888/888/888
f 890/890/890 907/907/907 906/906/906
f 890/890/890 906/906/906 889/889/889
f 891/891/891 908/908/908 907/907/907
f 891/891/891 907/907/907 890/890/890
f 876/876/876 893/893/893 908/908/908
f 876/876/876 908/908/908 891/891/891
f 892/892/892 909/909/909 910/910/910
f 892/892/892 910/910/910 893/893/893
f 894/894/894 911/911/911 912/912/912
f 894/894/894 912/912/912 895/895/895
f 896/896/896 913/913/913 911/911/911
f 896/896/896 911/911/911 894/894/894
f 897/897/897 914/914/914 913/913/913
f 897/897/897 913/913/913 896/896/896
f 898/898/898 915/915/915 914/914/914
f 898/898/898 914/914/914 897/897/897
f 899/899/899 916/916/916 915/915/915
f 899/899/899 915/915/915 898/898/898
f 900/900/900 917/917/917 916/916/916
f 900/900/900 916/916/916 899/899/899
f 901/901/901 918/918/918 917/917/917
f 901/901/901 917/917/917 900/900/900
f 902/902/902 919/919/919 918/918/918
f 902/902/902 918/918/918 901/901/901
f 903/903/903 920/920/920 919/919/919
f 903/903/903 919/919/919 902/902/902
f 904/904/904 921/921/921 920/920/920
f 904/904/904 920/920/920 903/903/903
f 905/905/905 922/922/922 921/921/921
f 905/905/905 921/921/921 904/904/904
f 906/906/906 923/923/923 922/922/922
f 906/906/906 922/922/922 905/905/905
f 907/907/907 924/924/924 923/923/923
f 907/907/907 923/923/923 906/906/906
f 908/908/908 925/925/925 924/924/924
f 908/908/908 924/924/924 907/907/907
f 893/893/893 910/910/910 925/925/925
f 893/893/893 925/925/925 908/908/908
f 909/909/909 926/926/926 927/927/927
f 909/909/909 927/927/927 910/910/910
f 911/911/911 928/928/928 929/929/929
f 911/911/911 929/929/929 912/912/912
f 913/913/913 930/930/930 928/928/928
f 913/913/913 928/928/928 911/911/911
f 914/914/914 931/931/931 930/930/930
f 914/914/914 930/930/930 913/913/913
f 915/915/915 932/932/932 931/931/931
f 915/915/915 931/931/931 914/914/914
f 916/916/916 933/933/933 932/932/932
f 916/916/916 932/932/932 915/915/915
f 917/917/917 934/934/934 933/933/933
f 917/917/917 933/933/933 916/916/916
f 918/918/918 935/935/935 934/934/934
f 918/918/918 934/934/934 917/917/917
f 919/919/919 936/936/936 935/935/935
f 919/919/919 935/935/935 918/918/918
f 920/920/920 937/937/937 936/936/936
f 920/920/920 936/936/936 919/919/919
f 921/921/921 938/938/938 937/937/937
f 921/921/921 937/937/937 920/920/920
f 922/922/922 939/939/939 938/938/938
f 922/922/922 938/938/938 921/921/921
f 923/923/923 940/940/940 939/939/939
f 923/923/923 939/939/939 922/922/922
f 924/924/924 941/941/941 940/940/940
f 924/924/924 940/940/940 923/923/923
f 925/925/925 942/942/942 941/941/941
f 925/925/925 941/941/941 924/924/924
f 910/910/910 927/927/927 942/942/942
f 910/910/910 942/942/942 925/925/925
f 926/926/926 943/943/943 944/944/944
f 926/926/926 944/944/944 927/927/927
f 928/928/928 945/945/945 946/946/946
f 928/928/928 946/946/946 929/929/929
f 930/930/930 947/947/947 945/945/945
f 930/930/930 945/945/945 928/928/928
f 931/931/931 948/948/948 947/947/947
f 931/931/931 947/947/947 930/930/930
f 932/932/932 949/949/949 948/948/948
f 932/932/932 948/948/948 931/931/931
f 933/933/933 950/950/950 949/949/949
f 933/933/933 949/949/949 932/932/932
f 934/934/934 951/951/951 950/950/950
f 934/934/934 950/950/950 933/933/933
f 935/935/935 952/952/952 951/951/951
f 935/935/935 951/951/951 934/934/934
f 936/936/936 953/953/953 952/952/952
f 936/936/936 952/952/952 935/935/935
f 937/937/937 954/954/954 953/953/953
f 937/937/937 953/953/953 936/936/936
f 938/938/938 955/955/955 954/954/954
f 938/938/938 954/954/954 937/937/937
f 939/939/939 956/956/956 955/955/955
f 939/939/939 955/955/955 938/938/938
f 940/940/940 957/957/957 956/956/956
f 940/940/940 956/956/956 939/939/939
f 941/941/941 958/958/958 957/957/957
f 941/941/941 957/957/957 940/940/940
f 942/942/942 959/959/959 958/958/958
f 942/942/942 958/958/958 941/941/941
f 927/927/927 944/944/944 959/959/959
f 927/927/927 959/959/959 942/942/942
f 943/943/943 960/960/960 961/961/961
f 943/943/943 961/961/961 944/944/944
f 945/945/945 962/962/962 963/963/963
f 945/945/945 963/963/963 946/946/946
f 947/947/947 964/964/964 962/962/962
f 947/947/947 962/962/962 945/945/945
f 948/948/948 965/965/965 964/964/964
f 948/948/948 964/964/964 947/947/947
f 949/949/949 966/966/966 965/965/965
f 949/949/949 965/965/965 948/948/948
f 950/950/950 967/967/967 966/966/966
f 950/950/950 966/966/966 949/949/949
f 951/951/951 968/968/968 967/967/967
f 951/951/951 967/967/967 950/950/950
f 952/952/952 969/969/969 968/968/968
f 952/952/952 968/968/968 951/951/951
f 953/953/953 970/970/970 969/969/969
f 953/953/953 969/969/969 952/952/952
f 954/954/954 971/971/971 970/970/970
f 954/954/954 970/970/970 953/953/953
f 955/955/955 972/972/972 971/971/971
f 955/955/955 971/971/971 954/954/954
f 956/956/956 973/973/973 972/972/972
f 956/956/956 972/972/972 955/955/955
f 957/957/957 974/974/974 973/973/973
f 957/957/957 973/973/973 956/956/956
f 958/958/958 975/975/975 974/974/974
f 958/958/958 974/974/974 957/957/957
f 959/959/959 976/976/976 975/975/975
f 959/959/959 975/975/975 958/958/958
f 944/944/944 961/961/961 976/976/976
f 944/944/944 976/976/976 959/959/959
f 960/960/960 977/977/977 978/978/978
f 960/960/960 978/978/978 961/961/961
f 962/962/962 979/979/979 980/980/980
f 962/962/962 980/980/980 963/963/963
f 964/964/964 981/981/981 979/979/979
f 964/964/964 979/979/979 962/962/962
f 965/965/965 982/982/982 981/981/981
f 965/965/965 981/981/981 964/964/964
f 966/966/966 983/983/983 982/982/982
f 966/966/966 982/982/982 965/965/965
f 967/967/967 984/984/984 983/983/983
f 967/967/967 983/983/983 966/966/966
f 968/968/968 985/985/985 984/984/984
f 968/968/968 984/984/984 967/967/967
f 969/969/969 986/986/986 985/985/985
f 969/969/969 985/985/985 968/968/968
f 970/970/970 987/987/987 986/986/986
f 970/970/970 986/986/986 969/969/969
f 971/971/971 988/988/988 987/987/987
f 971/971/971 987/987/987 970/970/970
f 972/972/972 989/989/989 988/988/988
f 972/972/972 988/988/988 971/971/971
f 973/973/973 990/990/990 989/989/989
f 973/973/973 989/989/989 972/972/972
f 974/974/974 991/991/991 990/990/990
f 974/974/974 990/990/990 973/973/973
f 975/975/975 992/992/992 991/991/991
f 975/975/975 991/991/991 974/974/974
f 976/976/976 993/993/993 992/992/992
f 976/976/976 992/992/992 975/975/975
f 961/961/961 978/978/978 993/993/993
f 961/961/961 993/993/993 976/976/976
f 994/994/994 995/995/995 996/996/996
f 994/994/994 996/996/996 997/997/997
f 998/998/998 999/999/999 1000/1000/1000
f 998/998/998 1000/1000/1000 1001/1001/1001
f 1002/1002/1002 1003/1003/1003 1004/1004/1004
f 1002/1002/1002 1004/1004/1004 1005/1005/1005
f 1006/1006/1006 1007/1007/1007 1008/1008/1008
f 1006/1006/1006 1008/1008/1008 1009/1009/1009
f 1010/1010/1010 1011/1011/1011 1012/1012/1012
f 1010/1010/1010 1012/1012/1012 1013/1013/1013
f 1014/1014/1014 1015/1015/1015 1016/1016/1016
f 1014/1014/1014 1016/1016/1016 1017/1017/1017
f 1018/1018/1018 1019/1019/1019 1020/1020/1020
f 1018/1018/1018 1020/1020/1020 1021/1021/1021
f 1022/1022/1022 1023/1023/1023 1024/1024/1024
f 1022/1022/1022 1024/1024/1024 1025/1025/1025
f 1026/1026/1026 1027/1027/1027 1028/1028/1028
f 1026/1026/1026 1028/1028/1028 1029/1029/1029
f 1030/1030/1030 1031/1031/1031 1032/1032/1032
f 1030/1030/1030 1032/1032/1032 1033/1033/1033
f 1034/1034/1034 1035/1035/1035 1036/1036/1036
f 1034/1034/1034 1036/1036/1036 1037/1037/1037
f 1038/1038/1038 1039/1039/1039 1040/1040/1040
f 1038/1038/1038 1040/1040/1040 1041/1041/1041
f 1042/1042/1042 1043/1043/1043 1044/1044/1044
f 1042/1042/1042 1044/1044/1044 1045/1045/1045
f 1046/1046/1046 1047/1047/1047 1048/1048/1048
f 1046/1046/1046 1048/1048/1048 1049/1049/1049
f 1050/1050/1050 1051/1051/1051 1052/1052/1052
f 1050/1050/1050 1052/1052/1052 1053/1053/1053
f 1054/1054/1054 1055/1055/1055 1056/1056/1056
f 1054/1054/1054 1056/1056/1056 1057/1057/1057
f 1058/1058/1058 1059/1059/1059 1060/1060/1060
f 1058/1058/1058 1060/1060/1060 1061/1061/1061
f 1062/1062/1062 1063/1063/1063 1064/1064/1064
f 1062/1062/1062 1064/1064/1064 1065/1065/1065
f 1066/1066/1066 1067/1067/1067 1068/1068/1068
f 1066/1066/1066 1068/1068/1068 1069/1069/1069
f 1070/1070/1070 1071/1071/1071 1072/1072/1072
f 1070/1070/1070 1072/1072/1072 1073/1073/1073
f 1074/1074/1074 1075/1075/1075 1076/1076/1076
f 1074/1074/1074 1076/1076/1076 1077/1077/1077
f 1078/1078/1078 1079/1079/1079 1080/1080/1080
f 1078/1078/1078 1080/1080/1080 1081/1081/1081
f 1082/1082/1082 1083/1083/1083 1084/1084/1084
f 1082/1082/1082 1084/1084/1084 1085/1085/1085
f 1086/1086/1086 1087/1087/1087 1088/1088/1088
f 1086/1086/1086 1088/1088/1088 1089/1089/1089
f 1090/1090/1090 1091/1091/1091 1092/1092/1092
f 1090/1090/1090 1092/1092/1092 1093/1093/1093
f 1094/1094/1094 1095/1095/1095 1096/1096/1096
f 1094/1094/1094 1096/1096/1096 1097/1097/1097
f 1098/1098/1098 1099/1099/1099 1100/1100/1100
f 1098/1098/1098 1100/1100/1100 1101/1101/1101
f 1102/1102/1102 1103/1103/1103 1104/1104/1104
f 1102/1102/1102 1104/1104/1104 1105/1105/1105
f 1106/1106/1106 1107/1107/1107 1108/1108/1108
f 1106/1106/1106 1108/1108/1108 1109/1109/1109
f 1110/1110/1110 1111/1111/1111 1112/1112/1112
f 1110/1110/1110 1112/1112/1112 1113/1113/1113
f 1114/1114/1114 1115/1115/1115 1116/1116/1116
f 1114/1114/1114 1116/1116/1116 1117/1117/1117
f 1118/1118/1118 1119/1119/1119 1120/1120/1120
f 1118/1118/1118 1120/1120/1120 1121/1121/1121
f 1122/1122/1122 1123/1123/1123 1124/1124/1124
f 1122/1122/1122 1124/1124/1124 1125/1125/1125
f 1126/1126/1126 1127/1127/1127 1128/1128/1128
f 1126/1126/1126 1128/1128/1128 1129/1129/1129
f 1130/1130/1130 1131/1131/1131 1132/1132/1132
f 1130/1130/1130 1132/1132/1132 1133/1133/1133
f 1134/1134/1134 1135/1135/1135 1136/1136/1136
f 1134/1134/1134 1136/1136/1136 1137/1137/1137
f 1138/1138/1138 1139/1139/1139 1140/1140/1140
f 1138/1138/1138 1140/1140/1140 1141/1141/1141
f 1142/1142/1142 1143/1143/1143 1144/1144/1144
f 1142/1142/1142 1144/1144/1144 1145/1145/1145
f 1146/1146/1146 1147/1147/1147 1148/1148/1148
f 1146/1146/1146 1148/1148/1148 1149/1149/1149
f 1150/1150/1150 1151/1151/1151 1152/1152/1152
f 1150/1150/1150 1152/1152/1152 1153/1153/1153
f 1154/1154/1154 1155/1155/1155 1156/1156/1156
f 1154/1154/1154 1156/1156/1156 1157/1157/1157
f 1158/1158/1158 1159/1159/1159 1160/1160/1160
f 1158/1158/1158 1160/1160/1160 1161/1161/1161
f 1162/1162/1162 1163/1163/1163 1164/1164/1164
f 1162/1162/1162 1164/1164/1164 1165/1165/1165
f 1166/1166/1166 1167/1167/1167 1168/1168/1168
f 1166/1166/1166 1168/1168/1168 1169/1169/1169
f 1170/1170/1170 1171/1171/1171 1172/1172/1172
f 1170/1170/1170 1172/1172/1172 1173/1173/1173
f 1174/1174/1174 1175/1175/1175 1176/1176/1176
f 1174/1174/1174 1176/1176/1176 1177/1177/1177
f 1178/1178/1178 1179/1179/1179 1180/1180/1180
f 1178/1178/1178 1180/1180/1180 1181/1181/1181
f 1182/1182/1182 1183/1183/1183 1184/1184/1184
f 1182/1182/1182 1184/1184/1184 1185/1185/1185
f 1186/1186/1186 1187/1187/1187 1188/1188/1188
f 1186/1186/1186 1188/1188/1188 1189/1189/1189
f 1190/1190/1190 1191/1191/1191 1192/1192/1192
f 1190/1190/1190 1192/1192/1192 1193/1193/1193
f 1194/1194/1194 1195/1195/1195 1196/1196/1196
f 1194/1194/1194 1196/1196/1196 1197/1197/1197
f 1198/1198/1198 1199/1199/1199 1200/1200/1200
f 1198/1198/1198 1200/1200/1200 1201/1201/1201
f 1202/1202/1202 1203/1203/1203 1204/1204/1204
f 1202/1202/1202 1204/1204/1204 1205/1205/1205
f 1206/1206/1206 1207/1207/1207 1208/1208/1208
f 1206/1206/1206 1208/1208/1208 1209/1209/1209
f 1210/1210/1210 1211/1211/1211 1212/1212/1212
f 1210/1210/1210 1212/1212/1212 1213/1213/1213
f 1214/1214/1214 1215/1215/1215 1216/1216/1216
f 1214/1214/1214 1216/1216/1216 1217/1217/1217
f 1218/1218/1218 1219/1219/1219 1220/1220/1220
f 1218/1218/1218 1220/1220/1220 1221/1221/1221
f 1222/1222/1222 1223/1223/1223 1224/1224/1224
f 1222/1222/1222 1224/1224/1224 1225/1225/1225
f 1226/1226/1226 1227/1227/1227 1228/1228/1228
f 1226/1226/1226 1228/1228/1228 1229/1229/1229
f 1230/1230/1230 1231/1231/1231 1232/1232/1232
f 1230/1230/1230 1232/1232/1232 1233/1233/1233
f 1234/1234/1234 1235/1235/1235 1236/1236/1236
f 1234/1234/1234 1236/1236/1236 1237/1237/1237
f 1238/1238/1238 1239/1239/1239 1240/1240/1240
f 1238/1238/1238 1240/1240/1240 1241/1241/1241
f 1242/1242/1242 1243/1243/1243 1244/1244/1244
f 1242/1242/1242 1244/1244/1244 1245/1245/1245
f 1246/1246/1246 1247/1247/1247 1248/1248/1248
f 1246/1246/1246 1248/1248/1248 1249/1249/1249
f 1250/1250/1250 1251/1251/1251 1252/1252/1252
f 1250/1250/1250 1252/1252/1252 1253/1253/1253
f 1254/1254/1254 1255/1255/1255 1256/1256/1256
f 1254/1254/1254 1256/1256/1256 1257/1257/1257
f 1258/1258/1258 1259/1259/1259 1260/1260/1260
f 1258/1258/1258 1260/1260/1260 1261/1261/1261
f 1262/1262/1262 1263/1263/1263 1264/1264/1264
f 1262/1262/1262 1264/1264/1264 1265/1265/1265
f 1266/1266/1266 1267/1267/1267 1268/1268/1268
f 1266/1266/1266 1268/1268/1268 1269/1269/1269
f 1270/1270/1270 1271/1271/1271 1272/1272/1272
f 1270/1270/1270 1272/1272/1272 1273/1273/1273
f 1274/1274/1274 1275/1275/1275 1276/1276/1276
f 1274/1274/1274 1276/1276/1276 1277/1277/1277
f 1278/1278/1278 1279/1279/1279 1280/1280/1280
f 1278/1278/1278 1280/1280/1280 1281/1281/1281
f 1282/1282/1282 1283/1283/1283 1284/1284/1284
f 1282/1282/1282 1284/1284/1284 1285/1285/1285
f 1286/1286/1286 1287/1287/1287 1288/1288/1288
f 1286/1286/1286 1288/1288/1288 1289/1289/1289
f 1290/1290/1290 1291/1291/1291 1292/1292/1292
f 1290/1290/1290 1292/1292/1292 1293/1293/1293
f 1294/1294/1294 1295/1295/1295 1296/1296/1296
f 1294/1294/1294 1296/1296/1296 1297/1297/1297
f 1298/1298/1298 1299/1299/1299 1300/1300/1300
f 1298/1298/1298 1300/1300/1300 1301/1301/1301
f 1302/1302/1302 1303/1303/1303 1304/1304/1304
f 1302/1302/1302 1304/1304/1304 1305/1305/1305
f 1306/1306/1306 1307/1307/1307 1308/1308/1308
f 1306/1306/1306 1308/1308/1308 1309/1309/1309
f 1310/1310/1310 1311/1311/1311 1312/1312/1312
f 1310/1310/1310 1312/1312/1312 1313/1313/1313
f 1314/1314/1314 1315/1315/1315 1316/1316/1316
f 1314/1314/1314 1316/1316/1316 1317/1317/1317
f 1318/1318/1318 1319/1319/1319 1320/1320/1320
f 1318/1318/1318 1320/1320/1320 1321/1321/1321
f 1322/1322/1322 1323/1323/1323 1324/1324/1324
f 1322/1322/1322 1324/1324/1324 1325/1325/1325
f 1326/1326/1326 1327/1327/1327 1328/1328/1328
f 1326/1326/1326 1328/1328/1328 1329/1329/1329
f 1330/1330/1330 1331/1331/1331 1332/1332/1332
f 1330/1330/1330 1332/1332/1332 1333/1333/1333
f 1334/1334/1334 1335/1335/1335 1336/1336/1336
f 1334/1334/1334 1336/1336/1336 1337/1337/1337
f 1338/1338/1338 1339/1339/1339 1340/1340/1340
f 1338/1338/1338 1340/1340/1340 1341/1341/1341
f 1342/1342/1342 1343/1343/1343 1344/1344/1344
f 1342/1342/1342 1344/1344/1344 1345/1345/1345
f 1346/1346/1346 1347/1347/1347 1348/1348/1348
f 1346/1346/1346 1348/1348/1348 1349/1349/1349
f 1350/1350/1350 1351/1351/1351 1352/1352/1352
f 1350/1350/1350 1352/1352/1352 1353/1353/1353
f 1354/1354/1354 1355/1355/1355 1356/1356/1356
f 1354/1354/1354 1356/1356/1356 1357/1357/1357
f 1358/1358/1358 1359/1359/1359 1360/1360/1360
f 1358/1358/1358 1360/1360/1360 1361/1361/1361
f 1362/1362/1362 1363/1363/1363 1364/1364/1364
f 1362/1362/1362 1364/1364/1364 1365/1365/1365
f 1366/1366/1366 1367/1367/1367 1368/1368/1368
f 1366/1366/1366 1368/1368/1368 1369/1369/1369
f 1370/1370/1370 1371/1371/1371 1372/1372/1372
f 1370/1370/1370 1372/1372/1372 1373/1373/1373
f 1374/1374/1374 1375/1375/1375 1376/1376/1376
f 1374/1374/1374 1376/1376/1376 1377/1377/1377
f 1378/1378/1378 1379/1379/1379 1380/1380/1380
f 1378/1378/1378 1380/1380/1380 1381/1381/1381
f 1382/1382/1382 1383/1383/1383 1384/1384/1384
f 1382/1382/1382 1384/1384/1384 1385/1385/1385
f 1386/1386/1386 1387/1387/1387 1388/1388/1388
f 1386/1386/1386 1388/1388/1388 1389/1389/1389
f 1390/1390/1390 1391/1391/1391 1392/1392/1392
f 1390/1390/1390 1392/1392/1392 1393/1393/1393
f 1394/1394/1394 1395/1395/1395 1396/1396/1396
f 1394/1394/1394 1396/1396/1396 1397/1397/1397
f 1398/1398/1398 1399/1399/1399 1400/1400/1400
f 1398/1398/1398 1400/1400/1400 1401/1401/1401
f 1402/1402/1402 1403/1403/1403 1404/1404/1404
f 1402/1402/1402 1404/1404/1404 1405/1405/1405
f 1406/1406/1406 1407/1407/1407 1408/1408/1408
f 1406/1406/1406 1408/1408/1408 1409/1409/1409
f 1410/1410/1410 1411/1411/1411 1412/1412/1412
f 1410/1410/1410 1412/1412/1412 1413/1413/1413
f 1414/1414/1414 1415/1415/1415 1416/1416/1416
f 1414/1414/1414 1416/1416/1416 1417/1417/1417
f 1418/1418/1418 1419/1419/1419 1420/1420/1420
f 1418/1418/1418 1420/1420/1420 1421/1421/1421
f 1422/1422/1422 1423/1423/1423 1424/1424/1424
f 1422/1422/1422 1424/1424/1424 1425/1425/1425
f 1455/1455/1455 1453/1453/1453 1454/1454/1454
f 1453/1453/1453 1455/1455/1455 1456/1456/1456
f 1453/1453/1453 1456/1456/1456 1452/1452/1452
f 1452/1452/1452 1456/1456/1456 1457/1457/1457
f 1452/1452/1452 1457/1457/1457 1451/1451/1451
f 1451/1451/1451 1457/1457/1457 1426/1426/1426
f 1451/1451/1451 1426/1426/1426 1450/1450/1450
f 1450/1450/1450 1426/1426/1426 1427/1427/1427
f 1450/1450/1450 1427/1427/1427 1449/1449/1449
f 1449/1449/1449 1427/1427/1427 1428/1428/1428
f 1449/1449/1449 1428/1428/1428 1448/1448/1448
f 1448/1448/1448 1428/1428/1428 1429/1429/1429
f 1448/1448/1448 1429/1429/1429 1447/1447/1447
f 1447/1447/1447 1429/1429/1429 1430/1430/1430
f 1447/1447/1447 1430/1430/1430 1446/1446/1446
f 1446/1446/1446 1430/1430/1430 1431/1431/1431
f 1446/1446/1446 1431/1431/1431 1445/1445/1445
f 1445/1445/1445 1431/1431/1431 1432/1432/1432
f 1445/1445/1445 1432/1432/1432 1444/1444/1444
f 1444/1444/1444 1432/1432/1432 1433/1433/1433
f 1444/1444/1444 1433/1433/1433 1443/1443/1443
f 1443/1443/1443 1433/1433/1433 1434/1434/1434
f 1443/1443/1443 1434/1434/1434 1442/1442/1442
f 1442/1442/1442 1434/1434/1434 1435/1435/1435
f 1442/1442/1442 1435/1435/1435 1441/1441/1441
f 1441/1441/1441 1435/1435/1435 1436/1436/1436
f 1441/1441/1441 1436/1436/1436 1440/1440/1440
f 1440/1440/1440 1436/1436/1436 1437/1437/1437
f 1440/1440/1440 1437/1437/1437 1439/1439/1439
f 1439/1439/1439 1437/1437/1437 1438/1438/1438
f 1464/1464/1464 1462/1462/1462 1463/1463/1463
f 1462/1462/1462 1464/1464/1464 1461/1461/1461
f 1461/1461/1461 1464/1464/1464 1465/1465/1465
f 1461/1461/1461 1465/1465/1465 1460/1460/1460
f 1460/1460/1460 1465/1465/1465 1466/1466/1466
f 1460/1460/1460 1466/1466/1466 1459/1459/1459
f 1459/1459/1459 1466/1466/1466 1467/1467/1467
f 1459/1459/1459 1467/1467/1467 1458/1458/1458
f 1458/1458/1458 1467/1467/1467 1468/1468/1468
f 1458/1458/1458 1468/1468/1468 1489/1489/1489
f 1489/1489/1489 1468/1468/1468 1469/1469/1469
f 1489/1489/1489 1469/1469/1469 1488/1488/1488
f 1488/1488/1488 1469/1469/1469 1470/1470/1470
f 1488/1488/1488 1470/1470/1470 1487/1487/1487
f 1487/1487/1487 1470/1470/1470 1471/1471/1471
f 1487/1487/1487 1471/1471/1471 1486/1486/1486
f 1486/1486/1486 1471/1471/1471 1472/1472/1472
f 1486/1486/1486 1472/1472/1472 1485/1485/1485
f 1485/1485/1485 1472/1472/1472 1473/1473/1473
f 1485/1485/1485 1473/1473/1473 1484/1484/1484
f 1484/1484/1484 1473/1473/1473 1474/1474/1474
f 1484/1484/1484 1474/1474/1474 1483/1483/1483
f 1483/1483/1483 1474/1474/1474 1475/1475/1475
f 1483/1483/1483 1475/1475/1475 1482/1482/1482
f 1482/1482/1482 1475/1475/1475 1476/1476/1476
f 1482/1482/1482 1476/1476/1476 1481/1481/1481
f 1481/1481/1481 1476/1476/1476 1477/1477/1477
f 1481/1481/1481 1477/1477/1477 1480/1480/1480
f 1480/1480/1480 1477/1477/1477 1478/1478/1478
f 1480/1480/1480 1478/1478/1478 1479/1479/1479
f 1518/1518/1518 1516/1516/1516 1517/1517/1517
f 1516/1516/1516 1518/1518/1518 1519/1519/1519
f 1516/1516/1516 1519/1519/1519 1515/1515/1515
f 1515/1515/1515 1519/1519/1519 1520/1520/1520
f 1515/1515/1515 1520/1520/1520 1514/1514/1514
f 1514/1514/1514 1520/1520/1520 1521/1521/1521
f 1514/1514/1514 1521/1521/1521 1513/1513/1513
f 1513/1513/1513 1521/1521/1521 1490/1490/1490
f 1513/1513/1513 1490/1490/1490 1512/1512/1512
f 1512/1512/1512 1490/1490/1490 1491/1491/1491
f 1512/1512/1512 1491/1491/1491 1511/1511/1511
f 1511/1511/1511 1491/1491/1491 1492/1492/1492
f 1511/1511/1511 1492/1492/1492 1510/1510/1510
f 1510/1510/1510 1492/1492/1492 1493/1493/1493
f 1510/1510/1510 1493/1493/1493 1509/1509/1509
f 1509/1509/1509 1493/1493/1493 1494/1494/1494
f 1509/1509/1509 1494/1494/1494 1508/1508/1508
f 1508/1508/1508 1494/1494/1494 1495/1495/1495
f 1508/1508/1508 1495/1495/1495 1507/1507/1507
f 1507/1507/1507 1495/1495/1495 1496/1496/1496
f 1507/1507/1507 1496/1496/1496 1506/1506/1506
f 1506/1506/1506 1496/1496/1496 1497/1497/1497
f 1506/1506/1506 1497/1497/1497 1505/1505/1505
f 1505/1505/1505 1497/1497/1497 1498/1498/1498
f 1505/1505/1505 1498/1498/1498 1504/1504/1504
f 1504/1504/1504 1498/1498/1498 1499/1499/1499
f 1504/1504/1504 1499/1499/1499 1503/1503/1503
f 1503/1503/1503 1499/1499/1499 1500/1500/1500
f 1503/1503/1503 1500/1500/1500 1502/1502/1502
f 1502/1502/1502 1500/1500/1500 1501/1501/1501
f 1527/1527/1527 1525/1525/1525 1526/1526/1526
f 1525/1525/1525 1527/1527/1527 1524/1524/1524
f 1524/1524/1524 1527/1527/1527 1528/1528/1528
f 1524/1524/1524 1528/1528/1528 1523/1523/1523
f 1523/1523/1523 1528/1528/1528 1529/1529/1529
f 1523/1523/1523 1529/1529/1529 1522/1522/1522
f 1522/1522/1522 1529/1529/1529 1530/1530/1530
f 1522/1522/1522 1530/1530/1530 1553/1553/1553
f 1553/1553/1553 1530/1530/1530 1531/1531/1531
f 1553/1553/1553 1531/1531/1531 1552/1552/1552
f 1552/1552/1552 1531/1531/1531 1532/1532/1532
f 1552/1552/1552 1532/1532/1532 1551/1551/1551
f 1551/1551/1551 1532/1532/1532 1533/1533/1533
f 1551/1551/1551 1533/1533/1533 1550/1550/1550
f 1550/1550/1550 1533/1533/1533 1534/1534/1534
f 1550/1550/1550 1534/1534/1534 1549/1549/1549
f 1549/1549/1549 1534/1534/1534 1535/1535/1535
f 1549/1549/1549 1535/1535/1535 1548/1548/1548
f 1548/1548/1548 1535/1535/1535 1536/1536/1536
f 1548/1548/1548 1536/1536/1536 1547/1547/1547
f 1547/1547/1547 1536/1536/1536 1537/1537/1537
f 1547/1547/1547 1537/1537/1537 1546/1546/1546
f 1546/1546/1546 1537/1537/1537 1538/1538/1538
f 1546/1546/1546 1538/1538/1538 1545/1545/1545
f 1545/1545/1545 1538/1538/1538 1539/1539/1539
f 1545/1545/1545 1539/1539/1539 1544/1544/1544
f 1544/1544/1544 1539/1539/1539 1540/1540/1540
f 1544/1544/1544 1540/1540/1540 1543/1543/1543
f 1543/1543/1543 1540/1540/1540 1541/1541/1541
f 1543/1543/1543 1541/1541/1541 1542/1542/1542
f 1583/1583/1583 1581/1581/1581 1582/1582/1582
f 1581/1581/1581 1583/1583/1583 1584/1584/1584
f 1581/1581/1581 1584/1584/1584 1580/1580/1580
f 1580/1580/1580 1584/1584/1584 1585/1585/1585
f 1580/1580/1580 1585/1585/1585 1579/1579/1579
f 1579/1579/1579 1585/1585/1585 1554/1554/1554
f 1579/1579/1579 1554/1554/1554 1578/1578/1578
f 1578/1578/1578 1554/1554/1554 1555/1555/1555
f 1578/1578/1578 1555/1555/1555 1577/1577/1577
f 1577/1577/1577 1555/1555/1555 1556/1556/1556
f 1577/1577/1577 1556/1556/1556 1576/1576/1576
f 1576/1576/1576 1556/1556/1556 1557/1557/1557
f 1576/1576/1576 1557/1557/1557 1575/1575/1575
f 1575/1575/1575 1557/1557/1557 1558/1558/1558
f 1575/1575/1575 1558/1558/1558 1574/1574/1574
f 1574/1574/1574 1558/1558/1558 1559/1559/1559
f 1574/1574/1574 1559/1559/1559 1573/1573/1573
f 1573/1573/1573 1559/1559/1559 1560/1560/1560
f 1573/1573/1573 1560/1560/1560 1572/1572/1572
f 1572/1572/1572 1560/1560/1560 1561/1561/1561
f 1572/1572/1572 1561/1561/1561 1571/1571/1571
f 1571/1571/1571 1561/1561/1561 1562/1562/1562
f 1571/1571/1571 1562/1562/1562 1570/1570/1570
f 1570/1570/1570 1562/1562/1562 1563/1563/1563
f 1570/1570/1570 1563/1563/1563 1569/1569/1569
f 1569/1569/1569 1563/1563/1563 1564/1564/1564
f 1569/1569/1569 1564/1564/1564 1568/1568/1568
f 1568/1568/1568 1564/1564/1564 1565/1565/1565
f 1568/1568/1568 1565/1565/1565 1567/1567/1567
f 1567/1567/1567 1565/1565/1565 1566/1566/1566
